"id","text","tweet_url","language","type","author_name","author_username","view_count","bookmark_count","favorite_count","retweet_count","reply_count","quote_count","created_at","source","hashtags","urls","media_type","media_urls"
"1883548452296290404","🚀 The latest video in our “Meet the Member” series features @trankhac_vy!

For the past 2 years, Vy has been a constant force of support for builders in the @solana community. Now, he’s taking things to the next level with @the_make_ai, a project designed to make interacting with Solana simpler and more accessible for everyone.

Watch the video to learn more about his journey and vision! 🌟","https://x.com/SuperteamVN/status/1883548452296290404","en","Tweet","Superteam Vietnam","SuperteamVN","486","0","12","4","0","0","2025-01-26 17:12:00","<a href=""https://mobile.twitter.com"" rel=""nofollow"">Twitter Web App</a>","","","",""
"1883503056547098838","STREAMING NOW: Join @trankhac_vy, DevRel at Superteam Vietnam, for a chat about @the_make_ai  – an AI-powered assistant  simplifying on-chain interactions for users (even if you're not a developer 😊)
@SuperteamVN 
#Web3 #AI #DeFi https://t.co/G1Jtlg5UKE","https://x.com/SuperteamVN/status/1883503056547098838","en","Quoted","Phoenichilli","Phoenichilli","902","4","18","3","3","0","2025-01-26 14:11:37","<a href=""https://mobile.twitter.com"" rel=""nofollow"">Twitter Web App</a>","#Web3, #AI, #DeFi","","video","https://video.twimg.com/ext_tw_video/1883502486121836544/pu/vid/avc1/1280x720/TXM5NUM9JciK8jn0.mp4?tag=12"
"1883357673653207411","🧧 Day 6 of 8 Days of Fortune: Explore the Globe with KAST!

Six days down, two more to go! Today's lucky box is from KAST, a stablecoin/crypto card provider available to people in 100+ countries, accepted at 50M+ merchants globally, and works with Apple Pay + Google Pay 💳

Today's Prize: KAST virtual card codes, exclusively for Superteam Vietnam members!","https://x.com/SuperteamVN/status/1883357673653207411","en","Origin","Superteam Vietnam","SuperteamVN","1809","0","27","9","10","1","2025-01-26 04:33:55","<a href=""https://mobile.twitter.com"" rel=""nofollow"">Twitter Web App</a>","","","photo","https://pbs.twimg.com/media/GiMHuvXbgAAWwBE.jpg"
"1883357677189009685","To enter:
—Follow @KAST_official
—Like &amp; RT this post
—Tag 3 friends
—Unlock your gift: https://t.co/2yb4Ubj3bR

Make sure you’ve installed Dialect’s Blink extension to claim: https://t.co/1dYZyYazNi

#8DaysOfFortune #STVNLunarNewYear #KAST","https://x.com/SuperteamVN/status/1883357677189009685","en","Reply","Superteam Vietnam","SuperteamVN","234","0","3","0","1","0","2025-01-26 04:33:55","<a href=""https://mobile.twitter.com"" rel=""nofollow"">Twitter Web App</a>","#8DaysOfFortune, #STVNLunarNewYear, #KAST","https://advent.stvn.fun/open-box/6
https://chromewebstore.google.com/detail/dialect-blinks/mhklkgpihchphohoiopkidjnbhdoilof","",""
"1883344360777085415","Superteam Vietnam & @dephynetwork: Decentralizing IoT in Hanoi

🚀 Calling all IoT builders!

Join us on February 7 in Hanoi, Vietnam for an exclusive dinner hosted by Superteam Vietnam and DePHY’s CEO. This event is dedicated to empowering IoT developers and entrepreneurs to explore how DePIN (Decentralized Physical Infrastructure Networks) can revolutionize their businesses and unlock new revenue streams.

Whether you’re building smart locks, cameras, or other IoT solutions, this is your chance to learn how decentralization can transform your projects—whether you’re working in web2 or web3!

What’s in it for you?

✨ Inspiring Discussions
Dive deep into how DePIN mechanisms can decentralize IoT systems and create new earning opportunities.

💡 Success Stories
Explore real-world use cases and practical examples of DePIN in action across IoT industries.

🤝 Networking Opportunities
Connect with IoT builders, innovators, and industry leaders to exchange ideas and collaborate.

🔑 Actionable Insights
Walk away with a clear understanding of how to integrate DePIN into your IoT solutions.

This is your chance to join a movement reshaping the future of IoT through decentralization.

📅 When: February 7, 2025
📍 Where: Hanoi, Vietnam
🔗 Register here: https://t.co/L51isx7kBF

Don’t miss out—spaces are limited! 👾","https://x.com/SuperteamVN/status/1883344360777085415","en","Tweet","Superteam Vietnam","SuperteamVN","1729","0","16","5","2","2","2025-01-26 03:41:01","<a href=""https://mobile.twitter.com"" rel=""nofollow"">Twitter Web App</a>","","","",""
"1883010535815532978","🇻🇳 cracked dev team, please review and tell us what u think @trankhac_vy @sonhavietnamese @leopham_it @toannhu21096 @tuanpmhd @hoangtuanictvn","https://x.com/SuperteamVN/status/1883010535815532978","en","Tweet","Superteam Vietnam","SuperteamVN","687","0","13","2","1","0","2025-01-25 05:34:31","<a href=""https://mobile.twitter.com"" rel=""nofollow"">Twitter Web App</a>","","","",""
"1882924557297987686","P-Token is an upcoming simd to hyper optimize spl-token

The premise is this: if we can reduce SPL-Token CU usage by 95%, we ""increase"" total blockspace by 9.5% https://t.co/BtynjpNULh","https://x.com/SuperteamVN/status/1882924557297987686","en","Quoted","Jacob Creech","jacobvcreech","48340","52","196","28","21","8","2025-01-24 23:52:52","<a href=""https://mobile.twitter.com"" rel=""nofollow"">Twitter Web App</a>","","","video","https://video.twimg.com/amplify_video/1882924390095929345/vid/avc1/1422x720/PSlyKFN5-5AZ0BiR.mp4?tag=14"
"1882995598363922684","🧧 Day 5 of 8 Days of Fortune: Embrace the Solana Waves with Saros! 🧧

Five days down, three more to go! Today's lucky box is from Saros, the Super Protocol designed to redefine your Web3 experience on Solana 🔐

Today's Prize: Exclusive Saros merch, exclusively for Superteam Vietnam members!","https://x.com/SuperteamVN/status/1882995598363922684","en","Origin","Superteam Vietnam","SuperteamVN","1016","0","18","10","7","0","2025-01-25 04:35:09","<a href=""https://mobile.twitter.com"" rel=""nofollow"">Twitter Web App</a>","","","photo","https://pbs.twimg.com/media/GiG9s8qbYAAKAPS.jpg"
"1882995601354510513","To enter:
—Follow @saros_xyz
—Like &amp; RT this post
—Tag 3 friends
—Unlock your gift: https://t.co/CKUP8iYwLx

Make sure you’ve installed Dialect’s Blink extension to claim: https://t.co/1dYZyYazNi

#8DaysOfFortune #STVNLunarNewYear #Saros","https://x.com/SuperteamVN/status/1882995601354510513","en","Reply","Superteam Vietnam","SuperteamVN","228","0","1","0","0","0","2025-01-25 04:35:10","<a href=""https://mobile.twitter.com"" rel=""nofollow"">Twitter Web App</a>","#8DaysOfFortune, #STVNLunarNewYear, #Saros","https://advent.stvn.fun/open-box/5
https://chromewebstore.google.com/detail/dialect-blinks/mhklkgpihchphohoiopkidjnbhdoilof","",""
"1882777831337566343","One of my greatest joys this year w/ @SuperteamVN was seeing 3 Superteam babies born &amp; 1 on the way! 🚼❤️ We may be building the future of $, but at the heart of it, it’s all about building families.

Congrats @hoangtuanictvn (this week) &amp; @trankhac_vy (this month) &amp; gl @KAnh1007 https://t.co/8WEozSvqFy","https://x.com/SuperteamVN/status/1882777831337566343","en","Retweet","Anh Tran","SaigonButcher","2302","0","80","2","10","0","2025-01-24 14:09:49","<a href=""https://mobile.twitter.com"" rel=""nofollow"">Twitter Web App</a>","","","photo","https://pbs.twimg.com/media/GiD3aGtWQAA7d-W.jpg
https://pbs.twimg.com/media/GiD3aGuXIAAkQUr.jpg
https://pbs.twimg.com/media/GiD3bVcW0AA9Jpd.jpg
https://pbs.twimg.com/media/GiD3bVXWQAAkXjT.jpg"
"1882650964991279291","Superteam 🇻🇳 has been betting on our member from day 1 and good news from our member coming non-stop. This is from @david_in_web3
---
Polyquest Joins Wormhole Sigma Accelerator Program!
We’re thrilled to see @PolyquestSOL, the leading cross-chain prediction platform, take a big step forward by joining the Wormhole Sigma Accelerator Program, powered by @wormhole @WH_Sigma and @encodeclub","https://x.com/SuperteamVN/status/1882650964991279291","en","Origin","Superteam Vietnam","SuperteamVN","498","0","15","2","2","0","2025-01-24 05:45:42","<a href=""https://mobile.twitter.com"" rel=""nofollow"">Twitter Web App</a>","","","photo","https://pbs.twimg.com/media/GiCFEe3awAAnpT-.png"
"1882650969424712173","This marks a significant milestone for Polyquest as it continues to innovate and lead in the prediction market space. Excited to see what’s next!","https://x.com/SuperteamVN/status/1882650969424712173","en","Reply","Superteam Vietnam","SuperteamVN","222","0","1","1","1","0","2025-01-24 05:45:43","<a href=""https://mobile.twitter.com"" rel=""nofollow"">Twitter Web App</a>","","","",""
"1882650971253403876","Discover Polyquest now: https://t.co/JZoigIjA59","https://x.com/SuperteamVN/status/1882650971253403876","en","Reply","Superteam Vietnam","SuperteamVN","204","0","2","1","0","0","2025-01-24 05:45:44","<a href=""https://mobile.twitter.com"" rel=""nofollow"">Twitter Web App</a>","","https://linktr.ee/polyquest","",""
"1882633217116971404","🧧 Day 4 of 8 Days of Fortune: Unbox the Future with @BitgetVietnam!

Four days down, four more to go! Today's lucky box is from Bitget, a leading crypto exchange and Web3 company 🌐 and today's prizes are Bitget Gift Boxes, exclusively for Superteam Vietnam members! 🎁 https://t.co/oReGX6AWfc","https://x.com/SuperteamVN/status/1882633217116971404","en","Origin","Superteam Vietnam","SuperteamVN","1667","0","15","7","9","2","2025-01-24 04:35:11","<a href=""https://mobile.twitter.com"" rel=""nofollow"">Twitter Web App</a>","","","photo","https://pbs.twimg.com/media/GiBxt31aoAAGO89.jpg"
"1882633220359131434","To enter:
—Follow @BitgetVietnam
—Like &amp; RT this post
—Tag 3 friends
—Unlock your gift: https://t.co/tpkCjANljU

Make sure you’ve installed Dialect’s Blink extension to claim: https://t.co/1dYZyYazNi

#8DaysOfFortune #STVNLunarNewYear #Bitget","https://x.com/SuperteamVN/status/1882633220359131434","en","Reply","Superteam Vietnam","SuperteamVN","338","0","7","4","1","0","2025-01-24 04:35:12","<a href=""https://mobile.twitter.com"" rel=""nofollow"">Twitter Web App</a>","#8DaysOfFortune, #STVNLunarNewYear, #Bitget","https://advent.stvn.fun/open-box/4
https://chromewebstore.google.com/detail/dialect-blinks/mhklkgpihchphohoiopkidjnbhdoilof","",""
"1882613896017805636","Superteam 🇻🇳 has been betting on its @solana talents from day 1, and today we bet on @dreedohaha. He has been relentlessly building @ensofi_xyz for the last 2 years with these key winings:  

🏆 1st prize winner in Solana Renaissance @colosseum
local track, drawing in strategic investors, partners, and mentors 
✅ #SpringX Solana accelerator, organized by @BuidlerDAO, @Superteam, and @SolanaFndn
, confirming its global potential 
🌏 Live pitching at  program and Startup Village in Kuala Lumpur, gaining valuable insights from Solana ecosystem's elite. 

Over one year since its inception, EnsoFi is now advancing itself into AI-enhanced DeFi with the launch of @ensodefai Enso DeFAI Agents Suite (E.D.A.S).  

🫶 To celebrate this milestone and express their gratitude to the community, E.D.A.S has launch a Community Airdrop, giving back to the Superteam members. 

Check your eligibility here: https://t.co/HmS0F60s7D (soon) 

We are delighted to announce this milestone achievement by Ensofi and remain committed to supporting their endeavours and vision. 

Stay tuned for more exciting updates and Let's rally support for one of our proudest members! 🚀🚀🚀","https://x.com/SuperteamVN/status/1882613896017805636","en","Tweet","Superteam Vietnam","SuperteamVN","6265","1","29","3","2","2","2025-01-24 03:18:24","<a href=""https://mobile.twitter.com"" rel=""nofollow"">Twitter Web App</a>","","","photo","https://pbs.twimg.com/media/GiBivI3aEAA-wp-.jpg"
"1882605020568563844","gm gm!","https://x.com/SuperteamVN/status/1882605020568563844","en","Tweet","Superteam Vietnam","SuperteamVN","569","0","13","1","1","0","2025-01-24 02:43:08","<a href=""https://mobile.twitter.com"" rel=""nofollow"">Twitter Web App</a>","","","",""
"1882372480641425627","IT'S LAUNCH PARTY DAY!!! 🎉

Today will be all about:
• Networking
• Having fun
• Eating pierogies

⏰ 19:00
📍 Warsaw, Rotunda PKO BP

Don't forget to take a selfie with @mihal_wojtas or @kxrnel to write a thread about the event ✍️

Let's get this party started! 🥳 https://t.co/RNR39eA0i7","https://x.com/SuperteamVN/status/1882372480641425627","en","Quoted","Superteam Poland","SuperteamPOL","2976","1","55","9","12","2","2025-01-23 11:19:06","<a href=""https://mobile.twitter.com"" rel=""nofollow"">Twitter Web App</a>","","","photo","https://pbs.twimg.com/media/Gh-HZH6XwAACxr5.jpg"
"1882383721258721283","Community Call 23 Jan 2025 https://t.co/Vb8224qxVl","https://x.com/SuperteamVN/status/1882383721258721283","en","Tweet","Superteam Vietnam","SuperteamVN","610","0","14","3","5","0","2025-01-23 12:03:46","<a href=""https://periscope.tv"" rel=""nofollow"">Periscope</a>","","https://x.com/i/broadcasts/1kvJpbbmWQZKE","",""
"1882288399459275079","An incredible shoutout from @dfrvci for @wormhole, along with a great suggestion to tap into the Vietnam market!

Amidst the buzz around AI and memes, it’s easy to overlook that the backbone of blockchain infrastructure relies on decentralization and cross-chain innovations like Wormhole.

Keep pushing the boundaries! 🚀","https://x.com/SuperteamVN/status/1882288399459275079","en","Tweet","Superteam Vietnam","SuperteamVN","1253","1","16","5","2","0","2025-01-23 05:45:00","<a href=""http://twitter.com"" rel=""nofollow"">Twitter Web Client</a>","","","",""
"1881911447577628974","https://t.co/CQzEUgcYvs","https://x.com/SuperteamVN/status/1881911447577628974","zxx","Quoted","Forsaken.hl | just got suspended","dfrvci","3228","5","15","9","2","2","2025-01-22 04:47:07","<a href=""https://mobile.twitter.com"" rel=""nofollow"">Twitter Web App</a>","","http://x.com/i/article/1881746295796486145","",""
"1882270032245428477","🧧 Day 3 of 8 Days of Fortune: Soar to new Heights with @Birdeye_so

Three days down, five more to go! Today's lucky box is from Birdeye, a Crypto Trading Data Aggregator for Traders and Investors ✨

Today's Prizes include 1-month and 3-month Birdeye PRO subscription packages, exclusively for Superteam Vietnam members! 🎯","https://x.com/SuperteamVN/status/1882270032245428477","en","Origin","Superteam Vietnam","SuperteamVN","6172","0","25","10","11","2","2025-01-23 04:32:01","<a href=""https://mobile.twitter.com"" rel=""nofollow"">Twitter Web App</a>","","","photo","https://pbs.twimg.com/media/Gh8qYmnbIAAJBR_.jpg"
"1882270035915522079","To enter:
—Follow @Birdeye_so
—Like &amp; RT this post
—Tag 3 friends
—Unlock your gift: https://t.co/6c0SuT5yZl

Make sure you’ve installed Dialect’s Blink extension to claim: https://t.co/1dYZyYazNi

#8DaysOfFortune #STVNLunarNewYear #Birdeye","https://x.com/SuperteamVN/status/1882270035915522079","en","Reply","Superteam Vietnam","SuperteamVN","392","1","4","2","1","0","2025-01-23 04:32:02","<a href=""https://mobile.twitter.com"" rel=""nofollow"">Twitter Web App</a>","#8DaysOfFortune, #STVNLunarNewYear, #Birdeye","https://advent.stvn.fun/open-box/3
https://chromewebstore.google.com/detail/dialect-blinks/mhklkgpihchphohoiopkidjnbhdoilof","",""
"1882270032245428477","🧧 Day 3 of 8 Days of Fortune: Soar to new Heights with @Birdeye_so

Three days down, five more to go! Today's lucky box is from Birdeye, a Crypto Trading Data Aggregator for Traders and Investors ✨

Today's Prizes include 1-month and 3-month Birdeye PRO subscription packages, exclusively for Superteam Vietnam members! 🎯","https://x.com/SuperteamVN/status/1882270032245428477","en","Tweet","Superteam Vietnam","SuperteamVN","6172","0","25","10","11","2","2025-01-23 04:32:01","<a href=""https://mobile.twitter.com"" rel=""nofollow"">Twitter Web App</a>","","","photo","https://pbs.twimg.com/media/Gh8qYmnbIAAJBR_.jpg"
"1882058824615633290","Superteam Vietnam is thrilled to present the first video in our “Meet the Member” series!

In this debut, we dive into the journey of @sqrfund_ai and their story with @solana.

But wait—there’s more! Join us in just 1 hour for a live X Space: “Viet Web3 Builders: Reflections on the Solana AI Hackathon.”
🎙️ Link in the comments—don’t miss it! 🚀","https://x.com/SuperteamVN/status/1882058824615633290","en","Origin","Superteam Vietnam","SuperteamVN","2274","0","28","9","4","1","2025-01-22 14:32:45","<a href=""https://mobile.twitter.com"" rel=""nofollow"">Twitter Web App</a>","","","",""
"1882059927004598780","@sqrfund_ai @solana Who is the next member do you want to meet?","https://x.com/SuperteamVN/status/1882059927004598780","en","Reply","Superteam Vietnam","SuperteamVN","288","0","4","0","0","0","2025-01-22 14:37:08","<a href=""https://mobile.twitter.com"" rel=""nofollow"">Twitter Web App</a>","","","",""
"1882058942131666966","@sqrfund_ai @solana Link to the space: https://t.co/dEFYcEyfO7","https://x.com/SuperteamVN/status/1882058942131666966","en","Origin","Superteam Vietnam","SuperteamVN","566","0","12","2","0","1","2025-01-22 14:33:13","<a href=""https://mobile.twitter.com"" rel=""nofollow"">Twitter Web App</a>","","https://x.com/i/spaces/1zqKVYYbalnxB","",""
"1881997791981109378","🧧 Day 2 of 8 Days of Fortune: Speed into Tet with @SonicSVM

Today's lucky box is courtesy of Sonic SVM, the first Solana Layer 2 for sovereign games built with HyperGrid, the Solana Virtual Machine (SVM) horizontal scaling framework.

Today's Prize: Random Sonic merch for our lucky winners 👀","https://x.com/SuperteamVN/status/1881997791981109378","en","Origin","Superteam Vietnam","SuperteamVN","8176","1","63","23","24","2","2025-01-22 10:30:14","<a href=""https://mobile.twitter.com"" rel=""nofollow"">Twitter Web App</a>","","","photo","https://pbs.twimg.com/media/Gh3ekeUacAE1O1w.jpg"
"1881997794740936737","To enter:
—Follow @SonicSVM
—Like &amp; RT this post
—Tag 3 friends
—Unlock your gift: https://t.co/6bGfDer9NR

Make sure you’ve installed Dialect’s Blink extension to claim: https://t.co/1dYZyYazNi

#8DaysOfFortune #STVNLunarNewYear #SonicSVM","https://x.com/SuperteamVN/status/1881997794740936737","en","Reply","Superteam Vietnam","SuperteamVN","664","0","6","2","1","0","2025-01-22 10:30:14","<a href=""https://mobile.twitter.com"" rel=""nofollow"">Twitter Web App</a>","#8DaysOfFortune, #STVNLunarNewYear, #SonicSVM","https://advent.stvn.fun/open-box/2
https://chromewebstore.google.com/detail/dialect-blinks/mhklkgpihchphohoiopkidjnbhdoilof","",""
"1881736669076058622","Join crypto’s talent layer and get involved with a local @superteam chapter.

Connect with Solana-native builders around the world, share resources, and harden your startup by building in public — together.

Superteam members have collectively earned $9.5m GDP. https://t.co/WGI7IWq40w","https://x.com/SuperteamVN/status/1881736669076058622","en","Retweet","Solana","solana","23396","13","166","34","12","4","2025-01-21 17:12:37","<a href=""https://mobile.twitter.com"" rel=""nofollow"">Twitter Web App</a>","","","photo","https://pbs.twimg.com/media/Gh1FQwkWkAIjoDq.jpg
https://pbs.twimg.com/media/Gh1FTuQWsAAq4V5.jpg"
"1881687884929077483","Jito The Grid - Round 1 https://t.co/RQANpQrMxV","https://x.com/SuperteamVN/status/1881687884929077483","en","Tweet","Superteam Vietnam","SuperteamVN","7045","0","29","7","4","5","2025-01-21 13:58:46","<a href=""https://periscope.tv"" rel=""nofollow"">Periscope</a>","","https://x.com/i/broadcasts/1kvJpbbjRDwKE","",""
"1881603442269102212","IYKYK
@solana frens, I am sorry I do not know this sooner.
Mass adoption is here! https://t.co/rMyyKFCRU3","https://x.com/SuperteamVN/status/1881603442269102212","en","Tweet","Superteam Vietnam","SuperteamVN","1043","0","13","1","2","0","2025-01-21 08:23:13","<a href=""https://mobile.twitter.com"" rel=""nofollow"">Twitter Web App</a>","","","photo","https://pbs.twimg.com/media/GhzLyRTbkAEUeUg.jpg"
"1881561980622065664","4 @SuperteamVN projects to keep an eye on in the coming weeks:

1. iLoop Finance @iLoop_HQ 

2. Enso DeFAI Agents @Ensofi_xyz @ensodefai

3. Trekn NFT AI Agent @Trekn_xyz 

4. Plays AI Gaming Hub @PlaysHub","https://x.com/SuperteamVN/status/1881561980622065664","en","Retweet","Nomad 🇻🇳","nomad_nguyen","5807","8","47","10","6","0","2025-01-21 05:38:28","<a href=""https://mobile.twitter.com"" rel=""nofollow"">Twitter Web App</a>","","","",""
"1881561831430582609","🧧 Day 1 of 8 Days of Fortune: Kickstart Your Fortune with @sqrDAO!

The 8 Days of Fortune has begun! 🎉 Today's lucky box is courtesy of sqrDAO, a private community of builders shaping the decentralized web.

Today's Prize: $500 worth of $SQR tokens 👀 including:
3 🏆 - $50 worth of $SQR
5 🥇 - $30 worth of $SQR
10 🥈 - $10 worth of $SQR
20 🥉 - $5 worth of $SQR","https://x.com/SuperteamVN/status/1881561831430582609","en","Origin","Superteam Vietnam","SuperteamVN","4994","2","71","37","35","3","2025-01-21 05:37:52","<a href=""https://mobile.twitter.com"" rel=""nofollow"">Twitter Web App</a>","","","photo","https://pbs.twimg.com/media/Ghylvk0b0AAnF4P.jpg"
"1881561834622468536","To enter:
—Follow @sqrDAO @sqrfund_ai
—Like &amp; RT this thread
—Tag 3 friends
—Check this link to unlock your gift: https://t.co/XS6gLk8sLm

Make sure you’ve installed Dialect’s Blink extension to claim: https://t.co/1dYZyYazNi

#8DaysOfFortune #STVNLunarNewYear #sqrDAO","https://x.com/SuperteamVN/status/1881561834622468536","en","Reply","Superteam Vietnam","SuperteamVN","855","0","14","3","4","0","2025-01-21 05:37:53","<a href=""https://mobile.twitter.com"" rel=""nofollow"">Twitter Web App</a>","#8DaysOfFortune, #STVNLunarNewYear, #sqrDAO","https://advent.stvn.fun/open-box/1
https://chromewebstore.google.com/detail/dialect-blinks/mhklkgpihchphohoiopkidjnbhdoilof","",""
"1881537160370966896","Tune in, meet the best minds solving the most important problems in crypto space with @jito_sol tech stack!
Today 20:00 GMT+7 - Jito The Grid: Round 1","https://x.com/SuperteamVN/status/1881537160370966896","en","Tweet","Superteam Vietnam","SuperteamVN","788","0","9","0","1","0","2025-01-21 03:59:50","<a href=""https://mobile.twitter.com"" rel=""nofollow"">Twitter Web App</a>","","","",""
"1881385840540287046","Don't let the chaos distract you, jobs not done. 

Tomorrow, the first round of The Grid pitches will be on @SuperteamVN's Twitter. 

Will post link here. Tune in. 👀 https://t.co/3XZtWYSmRq","https://x.com/SuperteamVN/status/1881385840540287046","en","Quoted","Midcurve","midcurvemedia","6166","0","16","7","1","3","2025-01-20 17:58:33","<a href=""https://mobile.twitter.com"" rel=""nofollow"">Twitter Web App</a>","","","photo","https://pbs.twimg.com/media/GhwGJ3vbsAA1fHE.jpg"
"1881182364375920754","✨ Get ready to unleash the Luck! We're thrilled to announce the 8 Days of Fortune, a spectacular countdown to Lunar New Year! 🧧

From Jan 21 to Jan 28, join us for daily surprises and incredible rewards from our amazing sponsors @sqrdao @SonicSVM @birdeye_so @bitgetvietnam @saros_xyz @KAST_official @oraichain @SuperteamVN

Each day, a new lucky box will unlock, revealing exclusive merch, airdrops, and more! 🎁

To participate and increase your chances of winning:
—Follow all sponsors on X
—Like, RT, and tag friends on our campaign posts
Stay tuned for the full reveal of the daily prizes 👀","https://x.com/SuperteamVN/status/1881182364375920754","en","Tweet","Superteam Vietnam","SuperteamVN","10709","2","96","38","36","3","2025-01-20 04:30:01","<a href=""http://twitter.com"" rel=""nofollow"">Twitter Web Client</a>","","","photo","https://pbs.twimg.com/media/GhtK7rkbAAAAwah.jpg"
"1880573854772551743","Join us TODAY for the AMA: The Dawn of AI Omegacycle with @EnsoFi_xyz, @sqrDAO, and @SuperteamVN

Livestream on EnsoFi_xyz's X live at 15:00 UTC.","https://x.com/SuperteamVN/status/1880573854772551743","en","Retweet","Enso DeFAI","ensodefai","4722","0","43","28","5","0","2025-01-18 12:12:01","<a href=""https://mobile.twitter.com"" rel=""nofollow"">Twitter Web App</a>","","","",""
"1880293705330172362","🚀🚀🚀","https://x.com/SuperteamVN/status/1880293705330172362","art","Tweet","Superteam Vietnam","SuperteamVN","660","0","10","1","2","1","2025-01-17 17:38:48","<a href=""https://mobile.twitter.com"" rel=""nofollow"">Twitter Web App</a>","","","",""
"1880263966548762800","It's official, Solana Summit APAC 2025 is heading to Da Nang, Vietnam 🇻🇳

3 Days | 1000+ Attendees | ~100 Speakers &amp; Workshops | Free Entry

Reach New Heights | June 5 - 7 | Early Applications Now Open https://t.co/XgcA5uOC22","https://x.com/SuperteamVN/status/1880263966548762800","en","Quoted","Solana Summit | APAC","SolanaSummitOrg","59290","20","236","59","30","17","2025-01-17 15:40:37","<a href=""https://typefully.com/"" rel=""nofollow"">Typefully</a>","","","video","https://video.twimg.com/amplify_video/1880263903189622784/vid/avc1/1280x720/pBO8a5c9wDZVOu8r.mp4?tag=14"
"1880133680376737953","🚀 BIG NEWS ALERT! 🚀

We’re super duper hyped to announce that @windexer_sol has bagged a $7,000 grant to build a peer-to-peer data indexing network for @solana! 🎉

But why does this matter?
Accessing on-chain data on Solana is crazy expensive and only getting pricier because of the high entry barriers to becoming a validator. This doesn’t just cost $$—it stifles innovation. 😟

Think about it: Love tools like @Sonarwatch or @get_nimbus? Same here! But do you know how much it costs these legends to keep your dashboards running? And how many cool projects never see daylight because the cost to serve this data is just too damn high?

Enter @vivekpal0x and @windexer_sol!
He is building a peer-to-peer network to make on-chain data affordable and accessible, powered by indexers secured with @jito_sol’s (re)stacking tech.

🗓 Mark your calendars: A demo + small-scale network is coming 31 March!
📜 Full pitch deck link in the comments.

If you’re as excited as we are:
👉 DM @vivekpal0x, follow @windexer_sol, and join his working group.
👉 Are you a builder with a dream? Submit to the @supertean Instagrant and grab your 💵 to make it happen!

Innovation shouldn’t be a luxury. Let’s change the game. 💪","https://x.com/SuperteamVN/status/1880133680376737953","en","Origin","Superteam Vietnam","SuperteamVN","2419","1","38","6","10","5","2025-01-17 07:02:55","<a href=""https://mobile.twitter.com"" rel=""nofollow"">Twitter Web App</a>","","","",""
"1880142761229492593","@windexer_sol @solana Pitch deck: https://t.co/O6deMjj7Tp","https://x.com/SuperteamVN/status/1880142761229492593","en","Reply","Superteam Vietnam","SuperteamVN","312","0","4","0","0","0","2025-01-17 07:39:00","<a href=""https://mobile.twitter.com"" rel=""nofollow"">Twitter Web App</a>","","https://shorturl.at/bUzJH","",""
"1880133828590858627","@windexer_sol @solana Developer working docs: https://t.co/dXMY7IAlwc","https://x.com/SuperteamVN/status/1880133828590858627","en","Origin","Superteam Vietnam","SuperteamVN","358","0","9","0","1","0","2025-01-17 07:03:30","<a href=""https://mobile.twitter.com"" rel=""nofollow"">Twitter Web App</a>","","https://aletheialabs.craft.me/windexer-core-dev-wg-docs","",""
"1880082897622925636","Superteam 🇻🇳 is the talent launchpad 🚀🚀🚀
Founder POV serie coming soon! ⌛️⌛️⌛️ https://t.co/APdQJlLwRD","https://x.com/SuperteamVN/status/1880082897622925636","en","Tweet","Superteam Vietnam","SuperteamVN","954","0","20","3","1","0","2025-01-17 03:41:07","<a href=""https://mobile.twitter.com"" rel=""nofollow"">Twitter Web App</a>","","","photo","https://pbs.twimg.com/media/Ghdk9ySacAI35xW.jpg
https://pbs.twimg.com/media/Ghdk9yVacAAlPCw.jpg"
"1879847087984263359","https://t.co/vEEmZXSShz

Superteam 🇻🇳 Weekly Community Call (vi only)","https://x.com/SuperteamVN/status/1879847087984263359","en","Origin","Superteam Vietnam","SuperteamVN","487","0","9","1","2","0","2025-01-16 12:04:06","<a href=""https://mobile.twitter.com"" rel=""nofollow"">Twitter Web App</a>","","https://x.com/i/broadcasts/1yoJMywENbwJQ","",""
"1879851552309207547","slide: https://t.co/8igtnvrVZY","https://x.com/SuperteamVN/status/1879851552309207547","en","Reply","Superteam Vietnam","SuperteamVN","270","0","3","0","0","0","2025-01-16 12:21:50","<a href=""https://mobile.twitter.com"" rel=""nofollow"">Twitter Web App</a>","","https://docs.google.com/presentation/d/1Yr0yNxdDuRBZA5NpJPrHCnASLFYJdKWpKcelxywcjQ0/edit#slide=id.g31597039b13_0_28","",""
"1879851282674180492","https://t.co/fWLbkinoCX Solana talent","https://x.com/SuperteamVN/status/1879851282674180492","es","Origin","Superteam Vietnam","SuperteamVN","225","0","2","0","0","0","2025-01-16 12:20:46","<a href=""https://mobile.twitter.com"" rel=""nofollow"">Twitter Web App</a>","","https://airtable.com/appBm4ITQiCAgZnRR/pagEpjLJ3UApEp5Q6/form","",""
"1879846652267450605","Weekly Community Call (16 Jan 2025) https://t.co/vEEmZXSShz","https://x.com/SuperteamVN/status/1879846652267450605","en","Tweet","Superteam Vietnam","SuperteamVN","302","0","5","0","0","0","2025-01-16 12:02:22","<a href=""https://periscope.tv"" rel=""nofollow"">Periscope</a>","","https://x.com/i/broadcasts/1yoJMywENbwJQ","",""
"1879832884762300741","🇻🇳☀️😌🏖️🧑‍💻","https://x.com/SuperteamVN/status/1879832884762300741","art","Tweet","Superteam Vietnam","SuperteamVN","767","0","15","5","2","0","2025-01-16 11:07:39","<a href=""https://mobile.twitter.com"" rel=""nofollow"">Twitter Web App</a>","","","",""
"1879556356581343449","Welcome to our home in the heart of Da Nang, Vietnam! 🇻🇳 

We're giving you an inside look at our spacious, affordable apartment with awesome amenities — all for a fraction of the cost you'd expect.👀

Would you live here? Let us know in the comments! 😊 https://t.co/Q37REhirWr","https://x.com/SuperteamVN/status/1879556356581343449","en","Quoted","Life Out of the Box","lifeoutofthebox","1390","0","19","5","2","1","2025-01-15 16:48:50","<a href=""http://twitter.com/download/iphone"" rel=""nofollow"">Twitter for iPhone</a>","","","video","https://video.twimg.com/amplify_video/1879554899006074881/vid/avc1/1920x1080/dv-WIl_b4aFRS3Gj.mp4?tag=16"
"1879823635533422676","Introducing iLoop Vault: the First AI-Optimized Vault for LSTs on @solana

As the LST and DeFi landscape on Solana constantly expands, users will have a hard time managing their portfolio.

Now you can let iLoop AI do all the heavy lifting.

Try now: https://t.co/NAaiR1zyeA https://t.co/TnOO3OI9qt","https://x.com/SuperteamVN/status/1879823635533422676","en","Retweet","iLoop Finance","iLoop_HQ","68076","18","295","52","80","5","2025-01-16 10:30:54","<a href=""https://mobile.twitter.com"" rel=""nofollow"">Twitter Web App</a>","","http://testnet.iloop.finance","video","https://video.twimg.com/ext_tw_video/1879822920966631424/pu/vid/avc1/1280x720/z3SXQLuePvd-n-BU.mp4?tag=12"
"1879815781414027618","💰💰💰","https://x.com/SuperteamVN/status/1879815781414027618","art","Tweet","Superteam Vietnam","SuperteamVN","314","0","3","0","0","0","2025-01-16 09:59:42","<a href=""https://mobile.twitter.com"" rel=""nofollow"">Twitter Web App</a>","","","",""
"1879596892830777565","🚨BREAKING: Solana’s stablecoin supply has exceeded $6B, reaching its highest level in two years. https://t.co/cdfDqNKOml","https://x.com/SuperteamVN/status/1879596892830777565","en","Quoted","SolanaFloor","SolanaFloor","18865","4","484","70","15","11","2025-01-15 19:29:55","<a href=""http://twitter.com/download/iphone"" rel=""nofollow"">Twitter for iPhone</a>","","","photo","https://pbs.twimg.com/media/GhWrZ5eW0AARPrL.jpg"
"1879736612856500481","Congrats @boltrade_ai for wining the 🥈 $5000 Trading Agents Track @sendaifun 

Winning or not, we are proud of 🇻🇳 talents submitting projects to the Solana AI hackathon.
@sqrAI_dev @AmalgamSocial @PlutonAI_SOL @busai_me @the_make_ai @MangekyouLabs @Ensofi_xyz @gamedepotmeme @get_nimbus @alanblakecto @Soly_AI","https://x.com/SuperteamVN/status/1879736612856500481","en","Tweet","Superteam Vietnam","SuperteamVN","16122","4","40","9","2","1","2025-01-16 04:45:06","<a href=""https://mobile.twitter.com"" rel=""nofollow"">Twitter Web App</a>","","","",""
"1879347107620081934","Do not fade @Superteam 😌","https://x.com/SuperteamVN/status/1879347107620081934","en","Tweet","Superteam Vietnam","SuperteamVN","448","0","6","0","1","0","2025-01-15 02:57:21","<a href=""https://mobile.twitter.com"" rel=""nofollow"">Twitter Web App</a>","","","",""
"1879181708291084712","@Superteam is a cheatcode.

We got the network.
We got the expertise.
We got the community.
We got the funds.

Let us help you. 🫵

Do not fade Superteams. Tagging some in the picture to connect you to the right ones in your country! 👇 https://t.co/OkcnfLfEAP","https://x.com/SuperteamVN/status/1879181708291084712","en","Quoted","Superteam Germany","SuperteamDE","939","0","14","1","3","2","2025-01-14 16:00:07","<a href=""https://typefully.com/"" rel=""nofollow"">Typefully</a>","","","photo","https://pbs.twimg.com/media/GhQxzcTaAAAeJEc.png"
"1879167627802853433","Big thanks to @segfaultdoctor, @evanbat_, and the @jito_sol team for an absolute banger of a session! 🙌

In just an hour, so much alpha was dropped 🤯. Hey @sqrfund_ai, can we get a recap? 👀

The two giga-chads shared some 🔥 build ideas:
• 🌐 On-chain VPN networks
• 📜 Node Consensus Networks (NCN) for Solana’s historical states

Check the comments for the rest of the idea list 🚀. Don’t forget—the Grid hackathon deadline is just 6 days away! Let’s ship it! 💻✨","https://x.com/SuperteamVN/status/1879167627802853433","en","Origin","Superteam Vietnam","SuperteamVN","2865","1","25","1","8","2","2025-01-14 15:04:10","<a href=""https://mobile.twitter.com"" rel=""nofollow"">Twitter Web App</a>","","","",""
"1879174464405184586","big oops 😅 thank you @buffalu__ @evanbat_ for joining us today!

let's have a chat one day mr cowboy 👀 @segfaultdoctor","https://x.com/SuperteamVN/status/1879174464405184586","en","Reply","Superteam Vietnam","SuperteamVN","218","0","4","0","0","0","2025-01-14 15:31:20","<a href=""http://twitter.com/download/iphone"" rel=""nofollow"">Twitter for iPhone</a>","","","",""
"1879169491630018956","@segfaultdoctor @evanbat_ @jito_sol @sqrfund_ai Thanks @trankhac_vy @tuanpmhd @Gaian_hq for intesting questions!","https://x.com/SuperteamVN/status/1879169491630018956","en","Origin","Superteam Vietnam","SuperteamVN","251","0","4","0","1","0","2025-01-14 15:11:34","<a href=""https://mobile.twitter.com"" rel=""nofollow"">Twitter Web App</a>","","","",""
"1879167807642083632","@segfaultdoctor @evanbat_ @jito_sol @sqrfund_ai Sign up to the hackathon: https://t.co/R7Y1ziFAkE","https://x.com/SuperteamVN/status/1879167807642083632","en","Origin","Superteam Vietnam","SuperteamVN","232","0","2","0","0","0","2025-01-14 15:04:53","<a href=""https://mobile.twitter.com"" rel=""nofollow"">Twitter Web App</a>","","https://www.jito.network/grid/","",""
"1879167699714240614","@segfaultdoctor @evanbat_ @jito_sol @sqrfund_ai Idea list: https://t.co/NqYgcZJlZq","https://x.com/SuperteamVN/status/1879167699714240614","en","Origin","Superteam Vietnam","SuperteamVN","222","0","1","0","0","0","2025-01-14 15:04:27","<a href=""https://mobile.twitter.com"" rel=""nofollow"">Twitter Web App</a>","","https://docs.google.com/document/d/1hbG2fbg0vjkqi5tIG8CR9eXk4RrdnE6UR18y60Ie8ek/edit?tab=t.0","",""
"1879150950348374263","The Grid Workshop 2: Ideation w/ @evanbat_ &amp; @segfaultdoctor https://t.co/ITEjzJP4Pf","https://x.com/SuperteamVN/status/1879150950348374263","en","Tweet","Superteam Vietnam","SuperteamVN","8214","6","27","8","2","5","2025-01-14 13:57:54","<a href=""https://periscope.tv"" rel=""nofollow"">Periscope</a>","","https://x.com/i/broadcasts/1OdKrXjbMwwJX","",""
"1879106178447561190","This is your FINAL chance to lock your spot at the best price for Consensus Hong Kong 2025!

Ticket supply is running low by the minute— Be smart. Be quick. Lock in now before we sell out.

Don't forget to use the promo code SUPERDESKVN to get your discount! ⬇️","https://x.com/SuperteamVN/status/1879106178447561190","en","Tweet","Superteam Vietnam","SuperteamVN","447","0","5","0","0","0","2025-01-14 10:59:59","<a href=""http://twitter.com/download/iphone"" rel=""nofollow"">Twitter for iPhone</a>","","","",""
"1869981850317537463","Consensus Hong Kong 2025 is here. @SuperteamVN is proud to be the official community partner for this historic event – the first Consensus ever held outside the US!

Join us for 3 days of groundbreaking discussions, industry announcements, and networking opportunities with the brightest minds in blockchain, DeFi, Web3, and the metaverse.

Add 🎟️ to cart: https://t.co/B2neMagjDg

Don't forget to use the promo code SUPERDESKVN at checkout 👀","https://x.com/SuperteamVN/status/1869981850317537463","en","Quoted","Superteam Vietnam","SuperteamVN","931","0","17","2","0","1","2024-12-20 06:43:10","<a href=""https://mobile.twitter.com"" rel=""nofollow"">Twitter Web App</a>","","","photo","https://pbs.twimg.com/media/GfOCirwbAAAnFT4.jpg"
"1879087872856465472","Join the Sprint hackathon by @alliancedao with the AliianceDAO mentors. Deadline is tomorrow, 15 Jan 2025 🔔🔔🔔

We have few stars joining the sprint @Rynus_io @Ensofi_xyz @Trekn_xyz @verticalsai @LeoFi_Hub @iLoop_HQ @sqrfund_ai 

Homies, let’s share and retweet this to support our sprinters 🧵","https://x.com/SuperteamVN/status/1879087872856465472","en","Origin","Superteam Vietnam","SuperteamVN","11060","1","48","13","11","6","2025-01-14 09:47:15","<a href=""https://mobile.twitter.com"" rel=""nofollow"">Twitter Web App</a>","","","",""
"1879088884182819244","@alliancedao @Rynus_io @Ensofi_xyz @Trekn_xyz @verticalsai @LeoFi_Hub @iLoop_HQ @sqrfund_ai @alliancedao Superteam 🇻🇳 is bringing the heat to the game!","https://x.com/SuperteamVN/status/1879088884182819244","en","Reply","Superteam Vietnam","SuperteamVN","246","0","3","0","0","0","2025-01-14 09:51:16","<a href=""https://mobile.twitter.com"" rel=""nofollow"">Twitter Web App</a>","","","",""
"1879088835814215695","7/ @sqrfund_ai is the first investment fund that transforms community DAOs' collective knowledge into AI agents, providing unlimited support and scalable success for startups and builders.
We are cooking hard: Infinite Backrooms. Empower web3 builders. Automate tasks. Streamline workflows. Build the future. #MixtureOfAgents","https://x.com/SuperteamVN/status/1879088835814215695","en","Origin","Superteam Vietnam","SuperteamVN","677","1","8","2","0","0","2025-01-14 09:51:04","<a href=""https://mobile.twitter.com"" rel=""nofollow"">Twitter Web App</a>","","","",""
"1879088775483253135","6/ @iLoop_HQ - The AI-optimized Vault for LST and Defi on Solana
Tldr; the next “Multiply”
iLoop is making Solana Defi easier for the masses:

🌟 Optimizing validator/LST-based for set-and-forget strategy
🌟 Custom AI agents to manage vault strategy and performance
🌟 Modular architecture to integrate new LST/protocols fast

Our number so far
🌐 1.5M TVL on mainnet
🌐 50k active wallet
🌐 20+ LST partners including Sanctum, Pico …","https://x.com/SuperteamVN/status/1879088775483253135","en","Origin","Superteam Vietnam","SuperteamVN","212","0","3","0","0","0","2025-01-14 09:50:50","<a href=""https://mobile.twitter.com"" rel=""nofollow"">Twitter Web App</a>","","","",""
"1879087872856465472","Join the Sprint hackathon by @alliancedao with the AliianceDAO mentors. Deadline is tomorrow, 15 Jan 2025 🔔🔔🔔

We have few stars joining the sprint @Rynus_io @Ensofi_xyz @Trekn_xyz @verticalsai @LeoFi_Hub @iLoop_HQ @sqrfund_ai 

Homies, let’s share and retweet this to support our sprinters 🧵","https://x.com/SuperteamVN/status/1879087872856465472","en","Origin","Superteam Vietnam","SuperteamVN","11060","1","48","13","11","6","2025-01-14 09:47:15","<a href=""https://mobile.twitter.com"" rel=""nofollow"">Twitter Web App</a>","","","",""
"1879088685175779725","@alliancedao @Rynus_io @Ensofi_xyz @Trekn_xyz @verticalsai @LeoFi_Hub @iLoop_HQ @sqrfund_ai 5/ @LeoFi_Hub is a next-generation decentralized finance (DeFi) platform that combines simplicity, AI-powered portfolio optimization, and seamless EVM compatibility to help users maximize their investments effortlessly.","https://x.com/SuperteamVN/status/1879088685175779725","en","Reply","Superteam Vietnam","SuperteamVN","306","0","2","0","0","0","2025-01-14 09:50:28","<a href=""https://mobile.twitter.com"" rel=""nofollow"">Twitter Web App</a>","","","",""
"1879088627109765188","@alliancedao @Rynus_io @Ensofi_xyz @Trekn_xyz @verticalsai @LeoFi_Hub @iLoop_HQ @sqrfund_ai 4/ @verticalsai is discreet but do not let their silence fool you. They are solving the most important part of AI that few realize, AGI is far but niche-focus intelligence is NOW!","https://x.com/SuperteamVN/status/1879088627109765188","en","Origin","Superteam Vietnam","SuperteamVN","168","0","2","0","0","0","2025-01-14 09:50:15","<a href=""https://mobile.twitter.com"" rel=""nofollow"">Twitter Web App</a>","","","",""
"1879088587993665945","3/ @Trekn_xyz is building Magnus: The leading AI agent for NFT-Fi on Solana. It empowers investors and holders with advanced trading strategies, market intelligence, and automated portfolio management. Magnus also actively participates in the Solana NFT ecosystem, building its own collections and tokens, and contributing valuable insights to the community.","https://x.com/SuperteamVN/status/1879088587993665945","en","Origin","Superteam Vietnam","SuperteamVN","184","0","2","0","0","0","2025-01-14 09:50:05","<a href=""https://mobile.twitter.com"" rel=""nofollow"">Twitter Web App</a>","","","",""
"1879088533232885977","2/ @ensofi_xyz is a cross-chain DeFi hub that enables users to seamlessly access the best yield opportunities across multiple chains. By bridging liquidity across chains and consolidating DeFi activities into a single platform, EnsoFi empowers users to maximize returns with minimal friction.","https://x.com/SuperteamVN/status/1879088533232885977","en","Origin","Superteam Vietnam","SuperteamVN","165","0","2","0","0","0","2025-01-14 09:49:52","<a href=""https://mobile.twitter.com"" rel=""nofollow"">Twitter Web App</a>","","","",""
"1879088318421594144","@alliancedao @Rynus_io @Ensofi_xyz @Trekn_xyz @verticalsai @LeoFi_Hub @iLoop_HQ @sqrfund_ai 1/ @solana is a hot take for DEPIN x AI and @Rynus_io is definitely worth following! They are building a Web3 GPU computing platform for AI Data Labeling, Al Training and 3D Rendering. Industry veterans are coming, babe!","https://x.com/SuperteamVN/status/1879088318421594144","en","Origin","Superteam Vietnam","SuperteamVN","284","0","2","0","0","0","2025-01-14 09:49:01","<a href=""https://mobile.twitter.com"" rel=""nofollow"">Twitter Web App</a>","","","",""
"1879060887853535488","Spark your creativity with @evanbat_ &amp; @segfaultdoctor in our 2nd workshop on Ideation!
​​
⏰ Today, 20:00 UTC+7
🔗 https://t.co/gOiFfXQjSo

Don't miss your chance to refine your project ideas, gain valuable feedback, and connect with fellow builders 💪","https://x.com/SuperteamVN/status/1879060887853535488","en","Tweet","Superteam Vietnam","SuperteamVN","3530","0","7","0","0","1","2025-01-14 08:00:01","<a href=""https://mobile.twitter.com"" rel=""nofollow"">Twitter Web App</a>","","https://lu.ma/t75iruig","",""
"1878745113939386511","Guys, grind this!

Calling for a video magician to help our trenches get into Ignition!
dm @0xk2_ if 3 mins video is what you good at","https://x.com/SuperteamVN/status/1878745113939386511","en","Tweet","Superteam Vietnam","SuperteamVN","617","1","13","0","1","0","2025-01-13 11:05:15","<a href=""https://mobile.twitter.com"" rel=""nofollow"">Twitter Web App</a>","","","",""
"1878692400085991748","Your next investor is in Singapore. 🇸🇬 Meet them at Ignition Week Season 2.

4 days in Singapore that will reshape your startup's trajectory. Get exclusive access to Asia's most influential VCs, mentors & Web3 visionaries in Singapore.

End with a career-defining Demo Day to showcase your innovation.

Timeline:
📩 Applications Open: Jan 12
💌Applications Close: Feb 12
Ignition Week: March 16-19
Demo Day: March 19

Your 3-minute pitch could be the gateway to your next funding round.
→ https://t.co/R3brcFgdQv","https://x.com/SuperteamVN/status/1878692400085991748","en","Quoted","Superteam Singapore","SuperteamSG","92319","26","181","23","19","34","2025-01-13 07:35:47","<a href=""https://mobile.twitter.com"" rel=""nofollow"">Twitter Web App</a>","","","video","https://video.twimg.com/ext_tw_video/1878692109932462080/pu/vid/avc1/1920x1080/Chj_T7-i5fF8iu-T.mp4?tag=14"
"1877913320843338220","Get ready to ring in the New Year! 🎊
⏰ 7PM~late, Jan 15
🔗 https://t.co/j672BsLZvW

Join us for an unforgettable night of celebration:
—Live music to get you grooving
—Delicious food &amp; refreshing drinks to keep you fueled
—Networking space to connect with fellow builders","https://x.com/SuperteamVN/status/1877913320843338220","en","Tweet","Superteam Vietnam","SuperteamVN","360","0","11","0","2","0","2025-01-11 04:00:00","<a href=""https://mobile.twitter.com"" rel=""nofollow"">Twitter Web App</a>","","https://lu.ma/55skgfx5","",""
"1877568947375235503","🚨 Bounty Alert for Builders! 🚨

Vietnam’s draft Law on Digital Technology Industry (DTI) could reshape blockchain & crypto. How will it impact Solana builders?

📝 Share your insights via article or video.
🏆 Prizes await!

🔗 Tag @SuperteamVN
⏳ Deadline: 9 Feb 2025

Detail in comment.
#Solana #Blockchain #Vietnam","https://x.com/SuperteamVN/status/1877568947375235503","en","Origin","Superteam Vietnam","SuperteamVN","1120","0","15","4","3","2","2025-01-10 05:11:35","<a href=""https://mobile.twitter.com"" rel=""nofollow"">Twitter Web App</a>","","","",""
"1877569109493198925","Bounty link: https://t.co/u3t0uD4ute","https://x.com/SuperteamVN/status/1877569109493198925","en","Reply","Superteam Vietnam","SuperteamVN","295","0","6","1","1","0","2025-01-10 05:12:13","<a href=""https://mobile.twitter.com"" rel=""nofollow"">Twitter Web App</a>","","https://earn.superteam.fun/listings/bounty/reviewing-vietnams-draft-law-on-digital-technology-industry-dti/","",""
"1877279156062355555","sqrFUND x Superteam Vietnam: Solana x AI Series

Together, @sqrfund_ai and @SuperteamVN will co-host workshops and spaces to accelerate AI development on @solana.

Get ready to have some fun with us. 

Accelerate.","https://x.com/SuperteamVN/status/1877279156062355555","en","Retweet","sqrFUND","sqrfund_ai","2240","0","50","15","14","2","2025-01-09 10:00:03","<a href=""http://twitter.com"" rel=""nofollow"">Twitter Web Client</a>","","","photo","https://pbs.twimg.com/media/Gg1IDdkakAAd9qK.jpg"
"1877251898132034011","Danang is where the East meet the West, we welcome every builders come here to build and enjoy ☕️🌞🥖🏖️","https://x.com/SuperteamVN/status/1877251898132034011","en","Tweet","Superteam Vietnam","SuperteamVN","884","0","22","2","2","0","2025-01-09 08:11:44","<a href=""https://mobile.twitter.com"" rel=""nofollow"">Twitter Web App</a>","","","",""
"1876807571677343970","POV: You could be here, building web3's future with the coolest builders in SEA, surrounded by based minds and Vietnamese coffee in Danang... but you're not in superteam sg (yet) 👀☕️✨

📸 @_brizal https://t.co/aha3fM9675","https://x.com/SuperteamVN/status/1876807571677343970","en","Quoted","Superteam Singapore","SuperteamSG","3029","0","32","3","5","4","2025-01-08 02:46:09","<a href=""https://mobile.twitter.com"" rel=""nofollow"">Twitter Web App</a>","","","photo","https://pbs.twimg.com/media/GgvA-67asAATZBH.jpg"
"1877216823290351969","🎨 Calling all designers!

Superteam Vietnam is on the hunt for stunning Key Visuals to define our 2025 brand. Your designs will shine on merch, events, & digital platforms.

💰 Prizes: $1,500 Winner | $500 Runner-up
⏳ Deadline: Jan 27, 2025
Submit now! 🌟

#SuperteamVietnam #DesignBounty","https://x.com/SuperteamVN/status/1877216823290351969","en","Origin","Superteam Vietnam","SuperteamVN","1891","0","22","5","4","1","2025-01-09 05:52:22","<a href=""https://mobile.twitter.com"" rel=""nofollow"">Twitter Web App</a>","#SuperteamVietnam","","",""
"1877251276200661114","P/S: You can use AI to design, there is no problem with that BUT we demand a high quality design &amp; thoughtful reasoning for whatever graphics you deliver. Please pay close attention to our brand tone of voice.","https://x.com/SuperteamVN/status/1877251276200661114","en","Reply","Superteam Vietnam","SuperteamVN","257","0","2","0","0","0","2025-01-09 08:09:16","<a href=""https://mobile.twitter.com"" rel=""nofollow"">Twitter Web App</a>","","","",""
"1877216892630298858","Link to bounty: https://t.co/90lIIxACul","https://x.com/SuperteamVN/status/1877216892630298858","en","Origin","Superteam Vietnam","SuperteamVN","338","0","3","0","0","0","2025-01-09 05:52:38","<a href=""https://mobile.twitter.com"" rel=""nofollow"">Twitter Web App</a>","","https://earn.superteam.fun/listings/bounty/design-key-visuals-for-superteam-vietnam-2025","",""
"1876613445367537887","The Grid Technical Workshop w/ Buffalu https://t.co/RgCGkRR7ia","https://x.com/SuperteamVN/status/1876613445367537887","en","Tweet","Superteam Vietnam","SuperteamVN","6067","2","43","4","5","4","2025-01-07 13:54:45","<a href=""https://periscope.tv"" rel=""nofollow"">Periscope</a>","","https://x.com/i/broadcasts/1BRJjwZOVDjxw","",""
"1876448674986983549","🚀 Kickstart your The Grid journey with @buffalu__

⏰ TODAY @ 20:00 UTC+7
🔗 https://t.co/xZTGWyMudJ

Join us for the first workshop of The Grid, featuring @jito_sol CEO. Gain invaluable insights into:

—Learn the fundamentals and explore the unique advantages of @solana
—Discover how Jito empowers developers with innovative tools and solutions
—Get expert advice on building secure, scalable, and user-friendly Web3 applications","https://x.com/SuperteamVN/status/1876448674986983549","en","Tweet","Superteam Vietnam","SuperteamVN","9342","1","49","16","3","4","2025-01-07 03:00:01","<a href=""http://twitter.com"" rel=""nofollow"">Twitter Web Client</a>","","https://lu.ma/qrmne5pp","photo","https://pbs.twimg.com/media/GgoORvraUAAz0nt.jpg"
"1876270094646652952","Join us https://t.co/p7TGzVcwUq","https://x.com/SuperteamVN/status/1876270094646652952","en","Tweet","Superteam Vietnam","SuperteamVN","412","0","9","1","1","0","2025-01-06 15:10:24","<a href=""https://mobile.twitter.com"" rel=""nofollow"">Twitter Web App</a>","","https://x.com/i/spaces/1ynJODZOOEqxR","",""
"1876172649451409465","Ready to ignite your Web3 dreams? Join The Grid, a global hackathon on Solana in collaboration with @jito_sol and @formacity 🌐

🔥 This isn't just a hackathon, it's a launchpad.

We're bringing together builders, innovators, and industry leaders to create the future on-@solana https://t.co/GS5rASqdUl","https://x.com/SuperteamVN/status/1876172649451409465","en","Origin","Superteam Vietnam","SuperteamVN","1103","1","23","9","3","0","2025-01-06 08:43:11","<a href=""https://mobile.twitter.com"" rel=""nofollow"">Twitter Web App</a>","","","photo","https://pbs.twimg.com/media/Ggl_4YOaoAA5JqZ.jpg"
"1876172653687705959","Here's what awaits you:

Expert-led Workshops
Tomorrow (Jan 7): Technical Workshop by @buffalu__
Jan 14: Ideation Workshop by @evanbat_ & @segfaultdoctor 

Competitive Pitch Sessions
—Present your ideas to Superteam Leads
—Compete for top prizes and potential funding!","https://x.com/SuperteamVN/status/1876172653687705959","en","Reply","Superteam Vietnam","SuperteamVN","289","0","6","0","1","0","2025-01-06 08:43:12","<a href=""https://mobile.twitter.com"" rel=""nofollow"">Twitter Web App</a>","","","photo","https://pbs.twimg.com/media/GgmAq_rbcAACiLA.jpg"
"1876172657764483298","🏆 Prizes

Local Track: $1,000 for top 3 participants in each region
Regional Track: $10,000 for top 3 winners, plus potential funding and partnerships!

Don't miss this incredible opportunity! Sign up now & check for more details ➡️ https://t.co/VInlVBsXw3","https://x.com/SuperteamVN/status/1876172657764483298","en","Reply","Superteam Vietnam","SuperteamVN","224","0","5","0","0","0","2025-01-06 08:43:13","<a href=""https://mobile.twitter.com"" rel=""nofollow"">Twitter Web App</a>","","https://www.jito.network/grid/","",""
"1876172649451409465","Ready to ignite your Web3 dreams? Join The Grid, a global hackathon on Solana in collaboration with @jito_sol and @formacity 🌐

🔥 This isn't just a hackathon, it's a launchpad.

We're bringing together builders, innovators, and industry leaders to create the future on-@solana https://t.co/GS5rASqdUl","https://x.com/SuperteamVN/status/1876172649451409465","en","Origin","Superteam Vietnam","SuperteamVN","1103","1","23","9","3","0","2025-01-06 08:43:11","<a href=""https://mobile.twitter.com"" rel=""nofollow"">Twitter Web App</a>","","","photo","https://pbs.twimg.com/media/Ggl_4YOaoAA5JqZ.jpg"
"1876172653687705959","Here's what awaits you:

Expert-led Workshops
Tomorrow (Jan 7): Technical Workshop by @buffalu__
Jan 14: Ideation Workshop by @evanbat_ & @segfaultdoctor 

Competitive Pitch Sessions
—Present your ideas to Superteam Leads
—Compete for top prizes and potential funding!","https://x.com/SuperteamVN/status/1876172653687705959","en","Reply","Superteam Vietnam","SuperteamVN","289","0","6","0","1","0","2025-01-06 08:43:12","<a href=""https://mobile.twitter.com"" rel=""nofollow"">Twitter Web App</a>","","","photo","https://pbs.twimg.com/media/GgmAq_rbcAACiLA.jpg"
"1876140609490329860","Hats off to the incredible team behind the launch of Undeads Marketplace! 
It's nothing short of epic to see @SuperteamVN devs @hason61vn @matthewdinh89 involving the charge. 

And excited to see what @moondotzip and the @cryptoundeads folks have cooking
LFG!","https://x.com/SuperteamVN/status/1876140609490329860","en","Retweet","Nomad 🇻🇳","nomad_nguyen","1617","0","43","9","3","0","2025-01-06 06:35:52","<a href=""https://mobile.twitter.com"" rel=""nofollow"">Twitter Web App</a>","","","",""
"1875033594705719320","New Year, New Summit, New Country...
Are you ready to climb @solana? https://t.co/ZfNUwwh6q7","https://x.com/SuperteamVN/status/1875033594705719320","en","Retweet","Solana Summit | APAC","SolanaSummitOrg","27298","7","270","25","58","27","2025-01-03 05:17:00","<a href=""https://mobile.twitter.com"" rel=""nofollow"">Twitter Web App</a>","","","photo","https://pbs.twimg.com/media/GgV0XWUbsAAxn4O.jpg"
"1875150114299515338","Let's celebrate the incredible talent showcased by our student participants in the recent Solana Super Game Jam! Here are the champions of the Student Track:
🥇 Crypto PlantCare
🥈 Diamond Miner
🥉 Pixel Fishing

We'd also like to thank all the student participants for their hard work and enthusiasm. You've all demonstrated a bright future in game development on-@Solana 🎮","https://x.com/SuperteamVN/status/1875150114299515338","en","Tweet","Superteam Vietnam","SuperteamVN","743","0","21","3","1","0","2025-01-03 13:00:00","<a href=""http://twitter.com"" rel=""nofollow"">Twitter Web Client</a>","","","video","https://video.twimg.com/ext_tw_video/1875144048165695488/pu/vid/avc1/1280x720/SZFXIJWAl5Nvc0wY.mp4?tag=12"
"1874889117344899565","Presenting ‘The Grid’ 🏆

A @jito_sol competition aimed at bringing your ideas to life 🕊️ launched in collaboration with @superteam &amp; @formacity 🌐

📺 See how you can get involved and compete for 10k in prizes!👇 https://t.co/uGwkxu6qIH","https://x.com/SuperteamVN/status/1874889117344899565","en","Retweet","Jito","jito_sol","139322","55","266","61","36","17","2025-01-02 19:42:53","<a href=""https://www.meetassembly.com/"" rel=""nofollow"">Assembly   Marketing</a>","","","video","https://video.twimg.com/amplify_video/1874889078027542528/vid/avc1/1280x720/szuxebDKM-eNTHX4.mp4?tag=14"
"1873788725312049528","announcing: @heliuslabs startup launchpad

biggest pet peeve in crypto: lack of business thinking

devs are technical but don't know marketing, raising, or basic business ops

enough — we will help you build an actual startup, on Solana

our partners &amp; I will mentor you

vol on https://t.co/FkAqY2KF3r","https://x.com/SuperteamVN/status/1873788725312049528","en","Retweet","mert | helius.dev","0xMert_","273010","264","1474","273","196","48","2024-12-30 18:50:20","<a href=""https://mobile.twitter.com"" rel=""nofollow"">Twitter Web App</a>","","","video","https://video.twimg.com/ext_tw_video/1873782075926417408/pu/vid/avc1/1280x720/s9NgpFIFuRzDvtYU.mp4?tag=12"
"1874259244230336760","👀💻🏆 @jito_sol https://t.co/VEHmlU1TXt","https://x.com/SuperteamVN/status/1874259244230336760","qme","Tweet","Superteam Vietnam","SuperteamVN","760","0","21","1","3","0","2025-01-01 02:00:00","<a href=""https://mobile.twitter.com"" rel=""nofollow"">Twitter Web App</a>","","","photo","https://pbs.twimg.com/media/GgJVjtDbYAAHoA9.jpg"
"1874137295869333746","🚀 Excited to announce my role as @Solana @SuperteamVN lead! Superteam is the talent layer of Solana, and I’m committed to driving success for every member & founder. Projects may come and go, but as long as talent stays, Solana will thrive!

In 2022, @SuperteamVN was the underdog. I’m deeply grateful to @SaigonButcher @mmthach for their hard work in building a close-knit community that’s generated millions in GDP & investments. With other superteam members, my mission is to accelerate Superteam Vietnam in 2025.

My 2025 vision:
1️⃣ Attract top-tier talent & institutional partners into the Solana ecosystem.
2️⃣ Empower members to succeed—from founders accessing capital & acceleration to individuals finding clear pathways and studios securing bootstrapping contracts.
3️⃣ Grow beyond Hanoi & HCMC by establishing a Web3 building & living hub in Da Nang—a sunny, high-quality haven for web3 nomads building in Vietnam.

Let’s work together to make 2025 a landmark year for @SuperteamVN and the Solana ecosystem. 🌟

#BuildWithSolana #SuperteamVietnam","https://x.com/SuperteamVN/status/1874137295869333746","en","Retweet","k2 | superteam 🇻🇳 🇬🇧","0xk2_","5764","2","141","2","26","4","2024-12-31 17:55:25","<a href=""https://mobile.twitter.com"" rel=""nofollow"">Twitter Web App</a>","","","",""
"1874154831969145339","Me in 2024
- Joined @SuperteamVN as devrel.
- Hosted various tech workshops.
- Joined renaissance, radar (w/@purr_fect_sol) (failed).
- First trip to Malaysia &amp; Singapore.
- Founded @weship_hq.
- Won Talent Olympics
- Followed by @solana .
- Landed first web3 job

2025 🚢🔥🚀","https://x.com/SuperteamVN/status/1874154831969145339","en","Retweet","khacvy","trankhac_vy","1198","1","17","1","1","0","2024-12-31 19:05:06","<a href=""https://mobile.twitter.com"" rel=""nofollow"">Twitter Web App</a>","","","",""
"1873582668010725862","It's been an absolutely incredible year for @SuperteamVN 🥳

We've seen massive growth across all fronts, from community building to developer earnings. Let's dive into the whirlwind that was our 2024 🧵 https://t.co/UCp7mqjQcd","https://x.com/SuperteamVN/status/1873582668010725862","en","Origin","Superteam Vietnam","SuperteamVN","3381","2","57","13","9","4","2024-12-30 05:11:32","<a href=""https://mobile.twitter.com"" rel=""nofollow"">Twitter Web App</a>","","","photo","https://pbs.twimg.com/media/GgBJxDSbIAA_LBE.jpg"
"1873582704090120683","We're thrilled to be working with the government to help implement this strategy and further propel 🇻🇳 position as a major blockchain player.

We’re incredibly proud of everything we've accomplished in 2024, and we’re even more excited about what the future holds 👀","https://x.com/SuperteamVN/status/1873582704090120683","en","Reply","Superteam Vietnam","SuperteamVN","270","0","6","1","1","0","2024-12-30 05:11:40","<a href=""https://mobile.twitter.com"" rel=""nofollow"">Twitter Web App</a>","","","",""
"1873582706094948793","Let's continue to build, innovate, and make a lasting impact on the global blockchain landscape!

What are you most excited about for Superteam Vietnam in 2025? Share your thoughts below 💭","https://x.com/SuperteamVN/status/1873582706094948793","en","Reply","Superteam Vietnam","SuperteamVN","251","0","5","1","0","0","2024-12-30 05:11:41","<a href=""https://mobile.twitter.com"" rel=""nofollow"">Twitter Web App</a>","","","",""
"1873582668010725862","It's been an absolutely incredible year for @SuperteamVN 🥳

We've seen massive growth across all fronts, from community building to developer earnings. Let's dive into the whirlwind that was our 2024 🧵 https://t.co/UCp7mqjQcd","https://x.com/SuperteamVN/status/1873582668010725862","en","Origin","Superteam Vietnam","SuperteamVN","3381","2","57","13","9","4","2024-12-30 05:11:32","<a href=""https://mobile.twitter.com"" rel=""nofollow"">Twitter Web App</a>","","","photo","https://pbs.twimg.com/media/GgBJxDSbIAA_LBE.jpg"
"1873582701309251811","This ambitious plan aims to:
—Establish 20 prominent blockchain brands in Vietnam
—Maintain 3 blockchain pilot zones in major cities
—Secure a position among the top 10 blockchain training &amp; research institutions in Asia

https://t.co/LU6EMonQR2","https://x.com/SuperteamVN/status/1873582701309251811","en","Reply","Superteam Vietnam","SuperteamVN","141","0","4","1","1","0","2024-12-30 05:11:40","<a href=""https://mobile.twitter.com"" rel=""nofollow"">Twitter Web App</a>","","https://x.com/SuperteamVN/status/1849354120962162688","",""
"1873582704090120683","We're thrilled to be working with the government to help implement this strategy and further propel 🇻🇳 position as a major blockchain player.

We’re incredibly proud of everything we've accomplished in 2024, and we’re even more excited about what the future holds 👀","https://x.com/SuperteamVN/status/1873582704090120683","en","Reply","Superteam Vietnam","SuperteamVN","270","0","6","1","1","0","2024-12-30 05:11:40","<a href=""https://mobile.twitter.com"" rel=""nofollow"">Twitter Web App</a>","","","",""
"1872314736689533349","Welcome @RedotPay — the physical and virtual card that lets you use stablecoins on Solana to pay at 120m merchants around the globe 🌍

Works with Apple Pay and Google Pay. Live now with USDC and USDT support! https://t.co/Mhkjp07Ll5","https://x.com/SuperteamVN/status/1872314736689533349","en","Retweet","Solana","solana","115421","103","941","233","171","33","2024-12-26 17:13:13","<a href=""http://twitter.com/download/android"" rel=""nofollow"">Twitter for Android</a>","","","video","https://video.twimg.com/amplify_video/1872173636762902528/vid/avc1/592x1280/WFQQBKvwmt1CWUW6.mp4?tag=16"
"1871590290152394928","@SuperteamVN We hosted an AI agent to help some team building for AI hackathon powered by @sendaifun @SolanaFndn @IrffanAsiff in HCMC @theSuperhosts 

- 4 teams joined 
Bullish on @solana https://t.co/l0AIdJHj0z","https://x.com/SuperteamVN/status/1871590290152394928","en","Retweet","Fay Nguyen 🇻🇳","faynguyen07","1196","0","28","4","3","0","2024-12-24 17:14:32","<a href=""http://twitter.com/download/iphone"" rel=""nofollow"">Twitter for iPhone</a>","","","photo","https://pbs.twimg.com/media/Gfk5cbzbEAAsDSf.jpg"
"1870005681115504915","Don't miss out on our first Community Call of 2025! We're thrilled to announce a special AMA session with @arifkazi_, Head of BD at @SonicSVM 🚀

🗓 6PM, January 2, 2025
Set Reminder: https://t.co/Gbe6icfdBJ

—Ask your burning questions directly to the Sonic SVM team. Learn about their innovative approach to building game economies on Solana and how they're shaping the future of Web3 gaming.

—Exclusive rewards await lucky SuperteamVN members who join the call. Don't miss your chance to win amazing prizes from Sonic!","https://x.com/SuperteamVN/status/1870005681115504915","en","Retweet","Superteam Vietnam","SuperteamVN","1014","1","24","3","0","1","2024-12-20 08:17:52","<a href=""https://mobile.twitter.com"" rel=""nofollow"">Twitter Web App</a>","","https://discord.com/events/1030133683220402348/1316735324776562720/1324331355340800000","photo","https://pbs.twimg.com/media/GfOXTYgaEAAbWnX.jpg"
"1871494427132440756","Happy Christmas 🎅

Big thanks to everyone who joined and made @SuperteamVN  office feel extra special this season.

To everyone reading, hope your wallet 10x, your coins moon, NFTs make a comeback, and we enter a bull supercycle in 2025.

Here’s to ending the year on a high note! 🥂","https://x.com/SuperteamVN/status/1871494427132440756","en","Retweet","Nomad 🇻🇳","nomad_nguyen","1231","1","43","2","9","0","2024-12-24 10:53:36","<a href=""https://mobile.twitter.com"" rel=""nofollow"">Twitter Web App</a>","","","photo","https://pbs.twimg.com/media/GfjiODZbkAAfQUH.jpg
https://pbs.twimg.com/media/GfjiODbaoAEgnkN.jpg
https://pbs.twimg.com/media/GfjiODcagAAoIxa.jpg
https://pbs.twimg.com/media/GfjiODfaAAAfrzI.jpg"
"1871097649438572654","With Vietnam's growing tech scene and Japan's rich gaming heritage, the future of Web3 gaming is incredibly bright. We're witnessing a golden age for this industry, starting with the Solana Super Game Jam!

Relive the excitement of the Demo Day and Award Ceremony with us 📽️ https://t.co/cwVtB9OtpW","https://x.com/SuperteamVN/status/1871097649438572654","en","Tweet","Superteam Vietnam","SuperteamVN","5864","1","39","9","2","2","2024-12-23 08:36:57","<a href=""https://mobile.twitter.com"" rel=""nofollow"">Twitter Web App</a>","","","video","https://video.twimg.com/ext_tw_video/1871096950675927040/pu/vid/avc1/1280x720/mLNhUZ-EeM8M3vHB.mp4?tag=12"
"1869597049081270505","Thanks Thanh Nien for covering a story on the Superteam Game Jam. Full story link 👇 

🇻🇳 is a powerhouse in game dev by every metrics. Top 5 globally for app downloads, crypto adoption with 100K + game devs.

How do we inspire all of these devs to build on web3. Answer = support them with programs like the game jam followed by an intense accelerator.","https://x.com/SuperteamVN/status/1869597049081270505","en","Retweet","Anh Tran","SaigonButcher","1010","0","29","4","1","0","2024-12-19 05:14:06","<a href=""https://mobile.twitter.com"" rel=""nofollow"">Twitter Web App</a>","","","photo","https://pbs.twimg.com/media/GfIkYIUbMAAdIcS.jpg
https://pbs.twimg.com/media/GfIkajKbIAADxdC.jpg
https://pbs.twimg.com/media/GfIkbuyb0AA85v-.jpg
https://pbs.twimg.com/media/GfIkcyYaUAAj-FU.jpg"
"1870007249814597760","Dive deep into the fascinating world of Zero-Knowledge Proofs! Join us TODAY at 8PM for an insightful online workshop led by Dean @kiemTran_dev - Blockchain Engineer at @Ensofi_xyz!

Dean will cover:
—Fundamentals of ZK Proofs
—Real-world applications
—Q&A session

🔗 https://t.co/Dq43EJSfqL","https://x.com/SuperteamVN/status/1870007249814597760","en","Tweet","Superteam Vietnam","SuperteamVN","1084","0","21","4","0","0","2024-12-20 08:24:06","<a href=""https://mobile.twitter.com"" rel=""nofollow"">Twitter Web App</a>","","","photo","https://pbs.twimg.com/media/GfOZpM5asAEoN2e.jpg"
"1870005681115504915","Don't miss out on our first Community Call of 2025! We're thrilled to announce a special AMA session with @arifkazi_, Head of BD at @SonicSVM 🚀

🗓 6PM, January 2, 2025
Set Reminder: https://t.co/Gbe6icfdBJ

—Ask your burning questions directly to the Sonic SVM team. Learn about their innovative approach to building game economies on Solana and how they're shaping the future of Web3 gaming.

—Exclusive rewards await lucky SuperteamVN members who join the call. Don't miss your chance to win amazing prizes from Sonic!","https://x.com/SuperteamVN/status/1870005681115504915","en","Tweet","Superteam Vietnam","SuperteamVN","1014","1","24","3","0","1","2024-12-20 08:17:52","<a href=""https://mobile.twitter.com"" rel=""nofollow"">Twitter Web App</a>","","https://discord.com/events/1030133683220402348/1316735324776562720/1324331355340800000","photo","https://pbs.twimg.com/media/GfOXTYgaEAAbWnX.jpg"
"1869981850317537463","Consensus Hong Kong 2025 is here. @SuperteamVN is proud to be the official community partner for this historic event – the first Consensus ever held outside the US!

Join us for 3 days of groundbreaking discussions, industry announcements, and networking opportunities with the brightest minds in blockchain, DeFi, Web3, and the metaverse.

Add 🎟️ to cart: https://t.co/B2neMagjDg

Don't forget to use the promo code SUPERDESKVN at checkout 👀","https://x.com/SuperteamVN/status/1869981850317537463","en","Tweet","Superteam Vietnam","SuperteamVN","931","0","17","2","0","1","2024-12-20 06:43:10","<a href=""https://mobile.twitter.com"" rel=""nofollow"">Twitter Web App</a>","","","photo","https://pbs.twimg.com/media/GfOCirwbAAAnFT4.jpg"
"1869973037522792770","Solana is you https://t.co/SFkeYKkqnF","https://x.com/SuperteamVN/status/1869973037522792770","en","Retweet","Solana","solana","220564","51","2939","461","497","44","2024-12-20 06:08:09","<a href=""https://mobile.twitter.com"" rel=""nofollow"">Twitter Web App</a>","","","video","https://video.twimg.com/ext_tw_video/1869972797470191616/pu/vid/avc1/1920x1080/KInw74Tuzg79D1M1.mp4?tag=14"
"1869275521877688610","Just wrapped up the Solana Super Game Jam, and we're still buzzing from the incredible energy! 🔥

Watch the interview from @nomad_nguyen, Head of DevRels at @SuperteamVN below, where he shares his invaluable insights from his experience as a mentor at the jam 🎙️ https://t.co/bQNoM9ZXIU","https://x.com/SuperteamVN/status/1869275521877688610","en","Tweet","Superteam Vietnam","SuperteamVN","907","0","32","6","1","0","2024-12-18 07:56:28","<a href=""https://mobile.twitter.com"" rel=""nofollow"">Twitter Web App</a>","","","video","https://video.twimg.com/ext_tw_video/1869252625230917632/pu/vid/avc1/1280x720/wvItJJQ5hjsGnint.mp4?tag=12"
"1869251808167940267","The stage is set. AI projects–– are you ready to shine?

$185k+ in cash prizes &amp; 6 Tracks on AI Agents are waiting for you. Jump in now.

🔗 https://t.co/CiTsHbmuPg","https://x.com/SuperteamVN/status/1869251808167940267","en","Tweet","Superteam Vietnam","SuperteamVN","509","0","10","1","0","0","2024-12-18 06:22:14","<a href=""https://mobile.twitter.com"" rel=""nofollow"">Twitter Web App</a>","","https://solanaaihackathon.com","",""
"1868991116131123598","Earlier this month, @a16zcrypto released their list of big ideas for 2025.
Which protocols are already building in these key areas?

My watchlist for 2025 ↓ https://t.co/u3KX4TIScr","https://x.com/SuperteamVN/status/1868991116131123598","en","Quoted","Stacy Muur","stacy_muur","215085","1209","1318","281","107","35","2024-12-17 13:06:20","<a href=""https://typefully.com/"" rel=""nofollow"">Typefully</a>","","","photo","https://pbs.twimg.com/media/Ge_9gzhbwAUFTD1.jpg"
"1869200869872570604","🚀 Another big wins with @SuperteamEarn, not one but TWO bounties 🎉

Let's join a global community of talented builders 🌍 to learn and earn 🥰

Thanks @solana and @SuperteamEarn, for these chances to learn, build, and win! 🔥

From @SuperteamVN 🇻🇳🇻🇳🇻🇳

#Solana #SuperteamEarn https://t.co/EZSblj66SX","https://x.com/SuperteamVN/status/1869200869872570604","en","Retweet","Leo Pham","leopham_it","681","0","21","1","2","0","2024-12-18 02:59:50","<a href=""http://twitter.com/download/iphone"" rel=""nofollow"">Twitter for iPhone</a>","#Solana, #SuperteamEarn","","photo","https://pbs.twimg.com/media/GfC8SBWaUAAWddr.jpg
https://pbs.twimg.com/media/GfC8SBXboAAHO-W.jpg"
"1869004654077788277","It’s all been leading to this…

$STREAM is LIVE https://t.co/2AOY44WBT7","https://x.com/SuperteamVN/status/1869004654077788277","en","Retweet","Streamflow Foundation","StreamflowFDN","90798","37","856","193","66","28","2024-12-17 14:00:08","<a href=""https://mobile.twitter.com"" rel=""nofollow"">Twitter Web App</a>","","","video","https://video.twimg.com/ext_tw_video/1868999206939000832/pu/vid/avc1/1920x1080/Wjp_2wqGa6Vn2fto.mp4?tag=14"
"1868993801920098325","Less than one hour left until @streamflow_fi $STREAM goes live.

ALL Superteam members are eligible— Get ready to claim ⬇️","https://x.com/SuperteamVN/status/1868993801920098325","en","Tweet","Superteam Vietnam","SuperteamVN","765","0","13","2","0","0","2024-12-17 13:17:01","<a href=""https://mobile.twitter.com"" rel=""nofollow"">Twitter Web App</a>","","","",""
"1868990439900213459","⏰ 1-Hour Countdown to STREAM TGE

The wait is almost over! 

In just 1 hour $STREAM goes live on: 
@Bybit_Official 
@kucoincom 
@gate_io 
@MEXC_Official 
@MeteoraAG

👉 Dec 17, 2024, at 13:00 UTC.

Get ready to join the next chapter of Streamflow! 💙 https://t.co/sdBFMnMOlK","https://x.com/SuperteamVN/status/1868990439900213459","en","Quoted","Streamflow Foundation","StreamflowFDN","18253","10","641","166","24","4","2024-12-17 13:03:39","<a href=""https://mobile.twitter.com"" rel=""nofollow"">Twitter Web App</a>","","","photo","https://pbs.twimg.com/media/Ge_78y-XoAAAzRg.jpg"
"1868445122947432903","STREAM Token Alpha Vault: Everything You Need to Know

The Streamflow Foundation is excited to launch the Alpha Vault powered by @LiveBonk as part of the $STREAM token launch.

The Alpha Vault lets long-term believers in @streamflow_fi acquire $STREAM at preferred terms before token launch.

📄 Key Information on STREAM Token Alpha Vault

Available Supply in Vault
A total of 2,941,176 STREAM tokens are available in the Alpha Vault

Pro-rata Allocation
Tokens will be distributed proportionally based on the total USDC contributions.

Open to everyone
Streamflow’s mission is to grow on-chain economies together. As part of this mission, we strongly believe in maintaining our protocol and initiatives, such as the Alpha Vault, as permissionless wherever possible.

🗓️ Key Dates to Remember

Alpha Vault Opens: December 15, 2024, 23:59 UTC

Alpha Vault Closes: December 17 2024, 11:59 UTC

🕑 Vesting Terms

Tokens will be vested linearly over 3 weeks, with claims starting 10 minutes after general claim opens on December 17.

The Alpha Vault is a significant step in the launch of the STREAM token, which is designed to empower the community, align incentives, and redefine how token economies operate.

Don’t miss this opportunity to secure your place in the next chapter of decentralized finance.

For full details, visit: https://t.co/HXxz56hu1A

Follow @StreamflowFDN for more updates.","https://x.com/SuperteamVN/status/1868445122947432903","en","Retweet","Streamflow Foundation","StreamflowFDN","29414","28","704","177","34","9","2024-12-16 00:56:45","<a href=""https://mobile.twitter.com"" rel=""nofollow"">Twitter Web App</a>","","","photo","https://pbs.twimg.com/media/Ge4KScJXoAAn92g.jpg"
"1868580748451877170","We're thrilled to announce the winners of the Solana Super Game Jam 🕹️

After 3 exhilarating weeks, 100+ registrations, 63 incredible submissions, and a rigorous judging process, we have our champions 🏆 https://t.co/XRiBi150Qj","https://x.com/SuperteamVN/status/1868580748451877170","en","Origin","Superteam Vietnam","SuperteamVN","46638","2","126","38","16","11","2024-12-16 09:55:41","<a href=""https://mobile.twitter.com"" rel=""nofollow"">Twitter Web App</a>","","","photo","https://pbs.twimg.com/media/Ge51MqBaIAAwEx1.jpg"
"1868580773642867170","The Solana Super Game Jam has been an incredible journey. We witnessed the birth of amazing games, fostered new collaborations, and strengthened the Solana gaming community. https://t.co/V7VHIscvhT","https://x.com/SuperteamVN/status/1868580773642867170","en","Reply","Superteam Vietnam","SuperteamVN","437","0","11","1","1","0","2024-12-16 09:55:47","<a href=""https://mobile.twitter.com"" rel=""nofollow"">Twitter Web App</a>","","","photo","https://pbs.twimg.com/media/Ge6AQSMagAAcbCS.jpg"
"1868580778302751227",".@SuperteamVN will continue its mission to support and empower the growth of the Solana gaming ecosystem.

Stay tuned for more exciting events and opportunities in the future! https://t.co/Mszb4U4ryK","https://x.com/SuperteamVN/status/1868580778302751227","en","Reply","Superteam Vietnam","SuperteamVN","372","0","12","1","0","0","2024-12-16 09:55:48","<a href=""https://mobile.twitter.com"" rel=""nofollow"">Twitter Web App</a>","","","photo","https://pbs.twimg.com/media/Ge6AkoSa8AArckF.jpg"
"1868580748451877170","We're thrilled to announce the winners of the Solana Super Game Jam 🕹️

After 3 exhilarating weeks, 100+ registrations, 63 incredible submissions, and a rigorous judging process, we have our champions 🏆 https://t.co/XRiBi150Qj","https://x.com/SuperteamVN/status/1868580748451877170","en","Origin","Superteam Vietnam","SuperteamVN","46638","2","126","38","16","11","2024-12-16 09:55:41","<a href=""https://mobile.twitter.com"" rel=""nofollow"">Twitter Web App</a>","","","photo","https://pbs.twimg.com/media/Ge51MqBaIAAwEx1.jpg"
"1868580770178343186","🌞 Last but not least, shoutout to our Co-hosts @SuperteamJapan @honeycomb_prtcl @topebox 

Thanks to your active contribution, builders had access to the tools and infra needed to bring their game visions to life. We couldn't have had such a successful jam without you! https://t.co/TQlIkTTsF8","https://x.com/SuperteamVN/status/1868580770178343186","en","Reply","Superteam Vietnam","SuperteamVN","456","0","14","4","1","0","2024-12-16 09:55:46","<a href=""https://mobile.twitter.com"" rel=""nofollow"">Twitter Web App</a>","","","photo","https://pbs.twimg.com/media/Ge6ADy8aoAAm-DS.jpg"
"1868580773642867170","The Solana Super Game Jam has been an incredible journey. We witnessed the birth of amazing games, fostered new collaborations, and strengthened the Solana gaming community. https://t.co/V7VHIscvhT","https://x.com/SuperteamVN/status/1868580773642867170","en","Reply","Superteam Vietnam","SuperteamVN","437","0","11","1","1","0","2024-12-16 09:55:47","<a href=""https://mobile.twitter.com"" rel=""nofollow"">Twitter Web App</a>","","","photo","https://pbs.twimg.com/media/Ge6AQSMagAAcbCS.jpg"
"1868246091852042340","The second session just concluded, and we're pumped with energy from the contestants!

—@poollegend_xyz
—Survivedotrun
—PuppyCity
—GlyphAI
—@PlayUnderRealm
—CiFarm @DenkhotieuThien
—Sol Heroes - G5 Game Studio https://t.co/whl40eKp0W","https://x.com/SuperteamVN/status/1868246091852042340","en","Origin","Superteam Vietnam","SuperteamVN","1073","0","21","8","1","0","2024-12-15 11:45:53","<a href=""https://mobile.twitter.com"" rel=""nofollow"">Twitter Web App</a>","","","photo","https://pbs.twimg.com/media/Ge1Vtf0bsAAR4lB.jpg"
"1868246119698026749","Next, we have CiFarm @DenkhotieuThien, a multichain game hub on Telegram.

Farm, steal, earn - the game allows users to grow crops, raise animals, and steal from their thief friends. Every product can be sold for tokens. https://t.co/iOt73vySka","https://x.com/SuperteamVN/status/1868246119698026749","en","Reply","Superteam Vietnam","SuperteamVN","384","0","10","1","1","0","2024-12-15 11:45:59","<a href=""https://mobile.twitter.com"" rel=""nofollow"">Twitter Web App</a>","","","photo","https://pbs.twimg.com/media/Ge1XgL5awAEZ4d7.jpg
https://pbs.twimg.com/media/Ge1XlQDaEAAafFA.jpg
https://pbs.twimg.com/media/Ge1XoOtbUAEeyao.jpg"
"1868246123854606731","And last but not least, we have Sol Heroes, Auto battle through wave &amp; battle through a variety of game modes,
playing with others: PvP, Boss Hunting, built by G5 Studio.

G5 is a professional game development team with more than 10 years of experience in game development. https://t.co/x7pHOSOBeI","https://x.com/SuperteamVN/status/1868246123854606731","en","Reply","Superteam Vietnam","SuperteamVN","349","0","10","1","0","0","2024-12-15 11:46:00","<a href=""https://mobile.twitter.com"" rel=""nofollow"">Twitter Web App</a>","","","photo","https://pbs.twimg.com/media/Ge1XyHtasAAx924.jpg
https://pbs.twimg.com/media/Ge1X04oa8AAjjub.jpg
https://pbs.twimg.com/media/Ge1X5aNaAAAi1Gq.jpg"
"1868221404782756002","The atmosphere at our Solana Super Game Jam Demo Day is on 🔥

During the first session, we welcomed on stage the first 7 finalists:
—Weather Insurance @wthr_insur_dao
—Viking Games
—Solana Meme Race @thisnickgames
—Pawker @pawwallet_
—@PlaysHub
—@BombCryptoGame
—@MadSquadGame https://t.co/m3saWAFNAA","https://x.com/SuperteamVN/status/1868221404782756002","en","Origin","Superteam Vietnam","SuperteamVN","1423","1","29","7","1","1","2024-12-15 10:07:47","<a href=""https://mobile.twitter.com"" rel=""nofollow"">Twitter Web App</a>","","","photo","https://pbs.twimg.com/media/Ge0xA8GbUAAMIZp.jpg"
"1868221436638503120","Next, we have @BombCryptoGame, an immersive Play To Revolutionize NFT game where players collect and command Bomb Heroes – unique cyborgs programmed to hunt for rewards - the in-game token.

Players can collect Heroes, battle monsters/other players, and trade their assets. https://t.co/H7K5fMUARX","https://x.com/SuperteamVN/status/1868221436638503120","en","Reply","Superteam Vietnam","SuperteamVN","308","0","11","1","1","0","2024-12-15 10:07:55","<a href=""https://mobile.twitter.com"" rel=""nofollow"">Twitter Web App</a>","","","photo","https://pbs.twimg.com/media/Ge1AfUpaIAArFEA.jpg
https://pbs.twimg.com/media/Ge1AjrSa4AACRe1.jpg
https://pbs.twimg.com/media/Ge1AnyAbgAAGZnW.jpg"
"1868221441868784052","The last team for our first session is @MadSquadGame, an online multiplayer shooter game with heroes and customizable robots competing in futuristic arenas.

Users can battle with Heroes &amp; Robots, switch between Heroes mid-game, switch between FPS &amp; TPS, and more! https://t.co/t7RaFr5MXn","https://x.com/SuperteamVN/status/1868221441868784052","en","Reply","Superteam Vietnam","SuperteamVN","310","0","10","2","0","0","2024-12-15 10:07:56","<a href=""https://mobile.twitter.com"" rel=""nofollow"">Twitter Web App</a>","","","photo","https://pbs.twimg.com/media/Ge1BOKOaUAAzErS.jpg
https://pbs.twimg.com/media/Ge1BRh2aMAABQPU.jpg
https://pbs.twimg.com/media/Ge1BTdcaUAAx3TB.jpg"
"1868221404782756002","The atmosphere at our Solana Super Game Jam Demo Day is on 🔥

During the first session, we welcomed on stage the first 7 finalists:
—Weather Insurance @wthr_insur_dao
—Viking Games
—Solana Meme Race @thisnickgames
—Pawker @pawwallet_
—@PlaysHub
—@BombCryptoGame
—@MadSquadGame https://t.co/m3saWAFNAA","https://x.com/SuperteamVN/status/1868221404782756002","en","Origin","Superteam Vietnam","SuperteamVN","1423","1","29","7","1","1","2024-12-15 10:07:47","<a href=""https://mobile.twitter.com"" rel=""nofollow"">Twitter Web App</a>","","","photo","https://pbs.twimg.com/media/Ge0xA8GbUAAMIZp.jpg"
"1868221432460869691","Fifth, we have @PlaysHub, a Gaming HUB - Play Hub on Telegram, developed by NGen team.

NGen is one of the top 14 finalists out of 500 projects at The Open Summit – The Largest TON Summit in Asia, and recipient of the Honorable Mention Prize in the 2024 Q3 BNB Chain Hackathon! https://t.co/uJPyj5E8Gf","https://x.com/SuperteamVN/status/1868221432460869691","en","Reply","Superteam Vietnam","SuperteamVN","236","0","6","2","1","0","2024-12-15 10:07:54","<a href=""https://mobile.twitter.com"" rel=""nofollow"">Twitter Web App</a>","","","photo","https://pbs.twimg.com/media/Ge0_zXRaMAANuj7.jpg
https://pbs.twimg.com/media/Ge0_4mWaMAAVDDR.jpg
https://pbs.twimg.com/media/Ge0_-I8bwAAvMJ1.jpg"
"1868221436638503120","Next, we have @BombCryptoGame, an immersive Play To Revolutionize NFT game where players collect and command Bomb Heroes – unique cyborgs programmed to hunt for rewards - the in-game token.

Players can collect Heroes, battle monsters/other players, and trade their assets. https://t.co/H7K5fMUARX","https://x.com/SuperteamVN/status/1868221436638503120","en","Reply","Superteam Vietnam","SuperteamVN","308","0","11","1","1","0","2024-12-15 10:07:55","<a href=""https://mobile.twitter.com"" rel=""nofollow"">Twitter Web App</a>","","","photo","https://pbs.twimg.com/media/Ge1AfUpaIAArFEA.jpg
https://pbs.twimg.com/media/Ge1AjrSa4AACRe1.jpg
https://pbs.twimg.com/media/Ge1AnyAbgAAGZnW.jpg"
"1868200615769526628","Get ready for an epic showdown 🥊

The Solana Super Game Jam Demo Day is here, and we're excited to introduce our esteemed Board of Judges who will be evaluating the top projects!

Let's meet them ⬇️ https://t.co/KcV6C8yOXF","https://x.com/SuperteamVN/status/1868200615769526628","en","Origin","Superteam Vietnam","SuperteamVN","1238","1","29","7","1","0","2024-12-15 08:45:10","<a href=""https://mobile.twitter.com"" rel=""nofollow"">Twitter Web App</a>","","","photo","https://pbs.twimg.com/media/Ge0kKRVasAAqjN4.jpg"
"1868200638628409532","Last but not least, we have Hakhyun @hakhyun_harry - Game developer, ex-Solana Foundation, Unity, Nexon!

Hakhyun is a seasoned software engineer with over 15 years of experience in the gaming and tech industry, specializing in game development and blockchain integration.","https://x.com/SuperteamVN/status/1868200638628409532","en","Reply","Superteam Vietnam","SuperteamVN","231","0","7","0","1","0","2024-12-15 08:45:16","<a href=""https://mobile.twitter.com"" rel=""nofollow"">Twitter Web App</a>","","","",""
"1868200640901718456","The Demo Day of the Solana Super Game Jam is going full-swing! Tune in to our Discord to watch the teams pitch, learn from the judges' feedback, and see the heat that is the Solana gaming scene in 🇻🇳🇯🇵!

⬇️ https://t.co/isjANXzwBe","https://x.com/SuperteamVN/status/1868200640901718456","en","Reply","Superteam Vietnam","SuperteamVN","216","0","7","0","1","0","2024-12-15 08:45:16","<a href=""https://mobile.twitter.com"" rel=""nofollow"">Twitter Web App</a>","","https://discord.gg/cNEgQUSSzw","",""
"1868200615769526628","Get ready for an epic showdown 🥊

The Solana Super Game Jam Demo Day is here, and we're excited to introduce our esteemed Board of Judges who will be evaluating the top projects!

Let's meet them ⬇️ https://t.co/KcV6C8yOXF","https://x.com/SuperteamVN/status/1868200615769526628","en","Origin","Superteam Vietnam","SuperteamVN","1238","1","29","7","1","0","2024-12-15 08:45:10","<a href=""https://mobile.twitter.com"" rel=""nofollow"">Twitter Web App</a>","","","photo","https://pbs.twimg.com/media/Ge0kKRVasAAqjN4.jpg"
"1868200636577362391","Let's welcome Karthik @honeycompressor - Cofounder of @honeycomb_prtcl!

Karthik is irreplaceable to the operations of Solana Super Game Jam. He's given active mentoring sessions, 1:1 pitch deck feedback, direct tech support and more to the teams during the jam!","https://x.com/SuperteamVN/status/1868200636577362391","en","Reply","Superteam Vietnam","SuperteamVN","109","0","5","0","1","0","2024-12-15 08:45:15","<a href=""https://mobile.twitter.com"" rel=""nofollow"">Twitter Web App</a>","","","",""
"1868200638628409532","Last but not least, we have Hakhyun @hakhyun_harry - Game developer, ex-Solana Foundation, Unity, Nexon!

Hakhyun is a seasoned software engineer with over 15 years of experience in the gaming and tech industry, specializing in game development and blockchain integration.","https://x.com/SuperteamVN/status/1868200638628409532","en","Reply","Superteam Vietnam","SuperteamVN","231","0","7","0","1","0","2024-12-15 08:45:16","<a href=""https://mobile.twitter.com"" rel=""nofollow"">Twitter Web App</a>","","","",""
"1867851918158311530","This Game Jam has showcased incredible innovation and we're eagerly awaiting the Demo Day finale to see what other amazing projects the Solana community has created!

Watch our interview with Pool Legend, a hybrid Web3 game built with Unity and powered by Magicblock on Solana ⬇️ https://t.co/CbRuaIbUNj","https://x.com/SuperteamVN/status/1867851918158311530","en","Tweet","Superteam Vietnam","SuperteamVN","1784","0","19","1","0","1","2024-12-14 09:39:34","<a href=""https://mobile.twitter.com"" rel=""nofollow"">Twitter Web App</a>","","","video","https://video.twimg.com/ext_tw_video/1867850960128843776/pu/vid/avc1/1280x720/2WiZrV4I-wKoE5qk.mp4?tag=12"
"1866887410526851302","Solana is the consumer chain ft. first-ever @solana Consumer Day https://t.co/w85S6jiKRx","https://x.com/SuperteamVN/status/1866887410526851302","en","Retweet","SEND","thesendcoin","20527","6","213","46","17","8","2024-12-11 17:46:58","<a href=""http://twitter.com/download/iphone"" rel=""nofollow"">Twitter for iPhone</a>","","","video","https://video.twimg.com/amplify_video/1866886906702884864/vid/avc1/1920x1080/d68adSTv5y5Ukk0B.mp4?tag=16"
"1867575134909083741","The first localized Game Jam on @solana comes to end this weekend with 120+ projects that participated from 4 major cities, hosted by @SuperteamVN @SuperteamJapan @topebox and @honeycomb_prtcl

As we near the end of this year a quick 🧵 on Crossing the Chasm","https://x.com/SuperteamVN/status/1867575134909083741","en","Retweet","chief {BEE} 🍯","honeycompressor","1394","0","21","6","3","0","2024-12-13 15:19:44","<a href=""https://typefully.com/"" rel=""nofollow"">Typefully</a>","","","",""
"1867293400388841604","Breaking News: Electric Capital’s Developer Report shows Solana as the #1 ecosystem for new developers in 2024!

This marks the first time any ecosystem has surpassed Ethereum for new devs since 2016 — 7,625 new devs built on Solana this year.

Let’s dive into some highlights 🧵 https://t.co/ynMs13kjRL","https://x.com/SuperteamVN/status/1867293400388841604","en","Retweet","Solana","solana","1301609","210","2958","718","289","205","2024-12-12 20:40:13","<a href=""https://mobile.twitter.com"" rel=""nofollow"">Twitter Web App</a>","","","photo","https://pbs.twimg.com/media/Genz3WYa8AAtpRr.jpg"
"1867505998992486454","Last chance to get subsidized Breakpoint tix 🚨

Breakpoint tickets are selling FAST. There won't be another sale, and there won't be tix around after.

Be quick. Be smart. Snag yours NOW. https://t.co/Ni5fwV1Fr5","https://x.com/SuperteamVN/status/1867505998992486454","en","Tweet","Superteam Vietnam","SuperteamVN","285","0","8","1","0","0","2024-12-13 10:45:01","<a href=""https://mobile.twitter.com"" rel=""nofollow"">Twitter Web App</a>","","https://solana.com/breakpoint","",""
"1867502073442623984","Game Jams aren't just fun competitions, they're incubators for incredible talent!

We've discovered hidden gems and promising builders, like Team Pawker @pawwallet_, who are pushing the boundaries of gaming through the Solana Super Game Jam ⬇️ https://t.co/S9VFexCKIf","https://x.com/SuperteamVN/status/1867502073442623984","en","Tweet","Superteam Vietnam","SuperteamVN","675","1","18","2","1","0","2024-12-13 10:29:25","<a href=""https://mobile.twitter.com"" rel=""nofollow"">Twitter Web App</a>","","","video","https://video.twimg.com/ext_tw_video/1867499285925048322/pu/vid/avc1/1280x720/3LJVWPknfxlXn7HC.mp4?tag=12"
"1867159802876772789","Community Call is back— Join us at 6 PM today for:

🔍 Exclusive sneak peeks into upcoming events
💸 Amazing opportunities to boost your earnings
…and lots of fun moments!

And there's a special surprise waiting for you in the final section! 👀

➡️ https://t.co/25TpbeVgFR https://t.co/NRqU6VUMMV","https://x.com/SuperteamVN/status/1867159802876772789","en","Tweet","Superteam Vietnam","SuperteamVN","484","0","17","0","0","0","2024-12-12 11:49:21","<a href=""https://mobile.twitter.com"" rel=""nofollow"">Twitter Web App</a>","","https://discord.gg/CYH4Ksmu?event=1316207543814455367","photo","https://pbs.twimg.com/media/Gel71PSbIAEGoY5.jpg"
"1867139141013790786","Join Tom Nguyen, AI Systems Engineer at @dwarvesf, for a deep dive into AI agents and their applications in Web3.

⏰ Dec 13, 8:00 PM
RSVP: https://t.co/LSWwJYolLE

This is your chance to gain valuable knowledge and prepare for the Solana AI Hackathon with a $200k prize pool!","https://x.com/SuperteamVN/status/1867139141013790786","en","Tweet","Superteam Vietnam","SuperteamVN","406","1","11","3","0","0","2024-12-12 10:27:15","<a href=""https://mobile.twitter.com"" rel=""nofollow"">Twitter Web App</a>","","https://lu.ma/2r80ii0k","",""
"1866749199473066351","MINE Genesis is coming ⏳🔥

Q1 2025, $MINE ignites—fueling RuneMine's rise as the ultimate memecoin toolkit.

Forged from visionary infrastructure and unmatched utility, Key Holders lead the charge, unlocking privileged access and rewards.. 🗝️

Read on: https://t.co/iuMxQicJ2L","https://x.com/SuperteamVN/status/1866749199473066351","en","Retweet","RuneMine | Mine Labs","minelabs_","10249","7","588","79","43","6","2024-12-11 08:37:46","<a href=""https://mobile.twitter.com"" rel=""nofollow"">Twitter Web App</a>","","https://link.medium.com/8ZkBOMqCePb","",""
